product_id,date,stock_level
1,2025-06-18,82
2,2025-06-18,4
3,2025-06-18,77
4,2025-06-18,62
5,2025-06-18,50
6,2025-06-18,146
7,2025-06-18,179
8,2025-06-18,139
9,2025-06-18,48
10,2025-06-18,98
11,2025-06-18,123
12,2025-06-18,74
13,2025-06-18,144
14,2025-06-18,72
15,2025-06-18,155
16,2025-06-18,26
17,2025-06-18,135
18,2025-06-18,70
19,2025-06-18,153
20,2025-06-18,33
21,2025-06-18,130
22,2025-06-18,129
23,2025-06-18,88
24,2025-06-18,148
25,2025-06-18,175
26,2025-06-18,6
27,2025-06-18,155
28,2025-06-18,129
29,2025-06-18,26
30,2025-06-18,64
31,2025-06-18,62
32,2025-06-18,105
33,2025-06-18,182
34,2025-06-18,145
35,2025-06-18,34
36,2025-06-18,200
37,2025-06-18,106
38,2025-06-18,32
39,2025-06-18,167
40,2025-06-18,23
41,2025-06-18,182
42,2025-06-18,33
43,2025-06-18,30
44,2025-06-18,94
45,2025-06-18,160
46,2025-06-18,39
47,2025-06-18,21
48,2025-06-18,159
49,2025-06-18,118
50,2025-06-18,43
1,2025-06-17,141
2,2025-06-17,53
3,2025-06-17,74
4,2025-06-17,177
5,2025-06-17,53
6,2025-06-17,173
7,2025-06-17,96
8,2025-06-17,142
9,2025-06-17,131
10,2025-06-17,132
11,2025-06-17,62
12,2025-06-17,113
13,2025-06-17,99
14,2025-06-17,19
15,2025-06-17,51
16,2025-06-17,188
17,2025-06-17,145
18,2025-06-17,130
19,2025-06-17,168
20,2025-06-17,160
21,2025-06-17,56
22,2025-06-17,86
23,2025-06-17,73
24,2025-06-17,16
25,2025-06-17,9
26,2025-06-17,157
27,2025-06-17,130
28,2025-06-17,99
29,2025-06-17,157
30,2025-06-17,121
31,2025-06-17,173
32,2025-06-17,197
33,2025-06-17,5
34,2025-06-17,127
35,2025-06-17,126
36,2025-06-17,178
37,2025-06-17,26
38,2025-06-17,37
39,2025-06-17,197
40,2025-06-17,104
41,2025-06-17,64
42,2025-06-17,104
43,2025-06-17,68
44,2025-06-17,98
45,2025-06-17,53
46,2025-06-17,119
47,2025-06-17,63
48,2025-06-17,196
49,2025-06-17,147
50,2025-06-17,135
1,2025-06-16,117
2,2025-06-16,151
3,2025-06-16,79
4,2025-06-16,115
5,2025-06-16,136
6,2025-06-16,98
7,2025-06-16,176
8,2025-06-16,32
9,2025-06-16,140
10,2025-06-16,188
11,2025-06-16,182
12,2025-06-16,29
13,2025-06-16,102
14,2025-06-16,148
15,2025-06-16,65
16,2025-06-16,77
17,2025-06-16,138
18,2025-06-16,28
19,2025-06-16,113
20,2025-06-16,23
21,2025-06-16,112
22,2025-06-16,143
23,2025-06-16,43
24,2025-06-16,148
25,2025-06-16,189
26,2025-06-16,120
27,2025-06-16,54
28,2025-06-16,122
29,2025-06-16,113
30,2025-06-16,108
31,2025-06-16,192
32,2025-06-16,6
33,2025-06-16,176
34,2025-06-16,18
35,2025-06-16,23
36,2025-06-16,101
37,2025-06-16,130
38,2025-06-16,152
39,2025-06-16,16
40,2025-06-16,115
41,2025-06-16,182
42,2025-06-16,129
43,2025-06-16,185
44,2025-06-16,180
45,2025-06-16,130
46,2025-06-16,109
47,2025-06-16,38
48,2025-06-16,42
49,2025-06-16,31
50,2025-06-16,194
1,2025-06-15,1
2,2025-06-15,108
3,2025-06-15,128
4,2025-06-15,8
5,2025-06-15,137
6,2025-06-15,111
7,2025-06-15,68
8,2025-06-15,159
9,2025-06-15,63
10,2025-06-15,41
11,2025-06-15,33
12,2025-06-15,42
13,2025-06-15,70
14,2025-06-15,120
15,2025-06-15,128
16,2025-06-15,87
17,2025-06-15,182
18,2025-06-15,23
19,2025-06-15,127
20,2025-06-15,168
21,2025-06-15,25
22,2025-06-15,164
23,2025-06-15,106
24,2025-06-15,163
25,2025-06-15,200
26,2025-06-15,76
27,2025-06-15,82
28,2025-06-15,159
29,2025-06-15,45
30,2025-06-15,92
31,2025-06-15,53
32,2025-06-15,191
33,2025-06-15,71
34,2025-06-15,183
35,2025-06-15,109
36,2025-06-15,16
37,2025-06-15,89
38,2025-06-15,44
39,2025-06-15,102
40,2025-06-15,186
41,2025-06-15,143
42,2025-06-15,116
43,2025-06-15,24
44,2025-06-15,5
45,2025-06-15,150
46,2025-06-15,106
47,2025-06-15,1
48,2025-06-15,30
49,2025-06-15,1
50,2025-06-15,47
1,2025-06-14,149
2,2025-06-14,160
3,2025-06-14,184
4,2025-06-14,191
5,2025-06-14,1
6,2025-06-14,11
7,2025-06-14,37
8,2025-06-14,146
9,2025-06-14,34
10,2025-06-14,195
11,2025-06-14,188
12,2025-06-14,190
13,2025-06-14,124
14,2025-06-14,64
15,2025-06-14,74
16,2025-06-14,187
17,2025-06-14,49
18,2025-06-14,153
19,2025-06-14,141
20,2025-06-14,95
21,2025-06-14,34
22,2025-06-14,35
23,2025-06-14,148
24,2025-06-14,164
25,2025-06-14,35
26,2025-06-14,21
27,2025-06-14,112
28,2025-06-14,124
29,2025-06-14,58
30,2025-06-14,99
31,2025-06-14,20
32,2025-06-14,93
33,2025-06-14,38
34,2025-06-14,74
35,2025-06-14,48
36,2025-06-14,53
37,2025-06-14,75
38,2025-06-14,87
39,2025-06-14,140
40,2025-06-14,57
41,2025-06-14,158
42,2025-06-14,62
43,2025-06-14,134
44,2025-06-14,107
45,2025-06-14,29
46,2025-06-14,53
47,2025-06-14,75
48,2025-06-14,84
49,2025-06-14,57
50,2025-06-14,110
1,2025-06-13,134
2,2025-06-13,116
3,2025-06-13,116
4,2025-06-13,102
5,2025-06-13,77
6,2025-06-13,149
7,2025-06-13,4
8,2025-06-13,34
9,2025-06-13,146
10,2025-06-13,135
11,2025-06-13,167
12,2025-06-13,67
13,2025-06-13,42
14,2025-06-13,22
15,2025-06-13,94
16,2025-06-13,51
17,2025-06-13,199
18,2025-06-13,40
19,2025-06-13,41
20,2025-06-13,4
21,2025-06-13,135
22,2025-06-13,189
23,2025-06-13,73
24,2025-06-13,19
25,2025-06-13,15
26,2025-06-13,74
27,2025-06-13,167
28,2025-06-13,6
29,2025-06-13,34
30,2025-06-13,58
31,2025-06-13,200
32,2025-06-13,79
33,2025-06-13,78
34,2025-06-13,177
35,2025-06-13,132
36,2025-06-13,28
37,2025-06-13,196
38,2025-06-13,125
39,2025-06-13,67
40,2025-06-13,7
41,2025-06-13,196
42,2025-06-13,95
43,2025-06-13,16
44,2025-06-13,162
45,2025-06-13,38
46,2025-06-13,66
47,2025-06-13,198
48,2025-06-13,86
49,2025-06-13,44
50,2025-06-13,152
1,2025-06-12,125
2,2025-06-12,113
3,2025-06-12,108
4,2025-06-12,92
5,2025-06-12,56
6,2025-06-12,48
7,2025-06-12,137
8,2025-06-12,17
9,2025-06-12,165
10,2025-06-12,66
11,2025-06-12,60
12,2025-06-12,108
13,2025-06-12,176
14,2025-06-12,133
15,2025-06-12,58
16,2025-06-12,132
17,2025-06-12,15
18,2025-06-12,177
19,2025-06-12,196
20,2025-06-12,24
21,2025-06-12,17
22,2025-06-12,55
23,2025-06-12,184
24,2025-06-12,42
25,2025-06-12,67
26,2025-06-12,68
27,2025-06-12,5
28,2025-06-12,189
29,2025-06-12,77
30,2025-06-12,93
31,2025-06-12,153
32,2025-06-12,38
33,2025-06-12,165
34,2025-06-12,122
35,2025-06-12,11
36,2025-06-12,134
37,2025-06-12,18
38,2025-06-12,135
39,2025-06-12,132
40,2025-06-12,74
41,2025-06-12,141
42,2025-06-12,131
43,2025-06-12,147
44,2025-06-12,94
45,2025-06-12,38
46,2025-06-12,120
47,2025-06-12,57
48,2025-06-12,86
49,2025-06-12,82
50,2025-06-12,84
1,2025-06-11,191
2,2025-06-11,76
3,2025-06-11,158
4,2025-06-11,139
5,2025-06-11,192
6,2025-06-11,110
7,2025-06-11,160
8,2025-06-11,103
9,2025-06-11,130
10,2025-06-11,89
11,2025-06-11,20
12,2025-06-11,1
13,2025-06-11,199
14,2025-06-11,69
15,2025-06-11,126
16,2025-06-11,50
17,2025-06-11,90
18,2025-06-11,9
19,2025-06-11,41
20,2025-06-11,101
21,2025-06-11,119
22,2025-06-11,193
23,2025-06-11,121
24,2025-06-11,98
25,2025-06-11,68
26,2025-06-11,63
27,2025-06-11,66
28,2025-06-11,50
29,2025-06-11,181
30,2025-06-11,48
31,2025-06-11,96
32,2025-06-11,171
33,2025-06-11,193
34,2025-06-11,148
35,2025-06-11,115
36,2025-06-11,33
37,2025-06-11,80
38,2025-06-11,69
39,2025-06-11,45
40,2025-06-11,114
41,2025-06-11,189
42,2025-06-11,140
43,2025-06-11,136
44,2025-06-11,170
45,2025-06-11,183
46,2025-06-11,168
47,2025-06-11,175
48,2025-06-11,74
49,2025-06-11,82
50,2025-06-11,28
1,2025-06-10,36
2,2025-06-10,192
3,2025-06-10,153
4,2025-06-10,65
5,2025-06-10,188
6,2025-06-10,23
7,2025-06-10,108
8,2025-06-10,16
9,2025-06-10,94
10,2025-06-10,180
11,2025-06-10,64
12,2025-06-10,109
13,2025-06-10,130
14,2025-06-10,56
15,2025-06-10,105
16,2025-06-10,103
17,2025-06-10,77
18,2025-06-10,173
19,2025-06-10,8
20,2025-06-10,70
21,2025-06-10,172
22,2025-06-10,182
23,2025-06-10,170
24,2025-06-10,195
25,2025-06-10,44
26,2025-06-10,37
27,2025-06-10,177
28,2025-06-10,135
29,2025-06-10,116
30,2025-06-10,50
31,2025-06-10,38
32,2025-06-10,138
33,2025-06-10,4
34,2025-06-10,183
35,2025-06-10,79
36,2025-06-10,92
37,2025-06-10,13
38,2025-06-10,97
39,2025-06-10,31
40,2025-06-10,64
41,2025-06-10,17
42,2025-06-10,113
43,2025-06-10,158
44,2025-06-10,92
45,2025-06-10,143
46,2025-06-10,142
47,2025-06-10,182
48,2025-06-10,125
49,2025-06-10,197
50,2025-06-10,9
1,2025-06-09,167
2,2025-06-09,51
3,2025-06-09,146
4,2025-06-09,196
5,2025-06-09,41
6,2025-06-09,76
7,2025-06-09,145
8,2025-06-09,136
9,2025-06-09,109
10,2025-06-09,36
11,2025-06-09,80
12,2025-06-09,71
13,2025-06-09,114
14,2025-06-09,0
15,2025-06-09,64
16,2025-06-09,44
17,2025-06-09,165
18,2025-06-09,44
19,2025-06-09,42
20,2025-06-09,27
21,2025-06-09,157
22,2025-06-09,112
23,2025-06-09,142
24,2025-06-09,134
25,2025-06-09,43
26,2025-06-09,132
27,2025-06-09,41
28,2025-06-09,6
29,2025-06-09,49
30,2025-06-09,116
31,2025-06-09,39
32,2025-06-09,4
33,2025-06-09,158
34,2025-06-09,63
35,2025-06-09,5
36,2025-06-09,162
37,2025-06-09,151
38,2025-06-09,126
39,2025-06-09,106
40,2025-06-09,30
41,2025-06-09,175
42,2025-06-09,120
43,2025-06-09,56
44,2025-06-09,144
45,2025-06-09,118
46,2025-06-09,164
47,2025-06-09,77
48,2025-06-09,105
49,2025-06-09,151
50,2025-06-09,138
1,2025-06-08,89
2,2025-06-08,12
3,2025-06-08,172
4,2025-06-08,102
5,2025-06-08,153
6,2025-06-08,134
7,2025-06-08,44
8,2025-06-08,181
9,2025-06-08,96
10,2025-06-08,171
11,2025-06-08,157
12,2025-06-08,41
13,2025-06-08,88
14,2025-06-08,147
15,2025-06-08,94
16,2025-06-08,44
17,2025-06-08,44
18,2025-06-08,105
19,2025-06-08,168
20,2025-06-08,46
21,2025-06-08,171
22,2025-06-08,88
23,2025-06-08,37
24,2025-06-08,129
25,2025-06-08,153
26,2025-06-08,111
27,2025-06-08,99
28,2025-06-08,77
29,2025-06-08,162
30,2025-06-08,69
31,2025-06-08,169
32,2025-06-08,30
33,2025-06-08,146
34,2025-06-08,126
35,2025-06-08,41
36,2025-06-08,17
37,2025-06-08,90
38,2025-06-08,79
39,2025-06-08,198
40,2025-06-08,17
41,2025-06-08,55
42,2025-06-08,66
43,2025-06-08,29
44,2025-06-08,173
45,2025-06-08,14
46,2025-06-08,11
47,2025-06-08,170
48,2025-06-08,136
49,2025-06-08,9
50,2025-06-08,75
1,2025-06-07,174
2,2025-06-07,57
3,2025-06-07,65
4,2025-06-07,53
5,2025-06-07,122
6,2025-06-07,24
7,2025-06-07,38
8,2025-06-07,49
9,2025-06-07,97
10,2025-06-07,162
11,2025-06-07,154
12,2025-06-07,84
13,2025-06-07,174
14,2025-06-07,74
15,2025-06-07,30
16,2025-06-07,82
17,2025-06-07,88
18,2025-06-07,163
19,2025-06-07,88
20,2025-06-07,64
21,2025-06-07,108
22,2025-06-07,66
23,2025-06-07,168
24,2025-06-07,21
25,2025-06-07,127
26,2025-06-07,113
27,2025-06-07,93
28,2025-06-07,38
29,2025-06-07,90
30,2025-06-07,79
31,2025-06-07,37
32,2025-06-07,93
33,2025-06-07,59
34,2025-06-07,168
35,2025-06-07,195
36,2025-06-07,94
37,2025-06-07,72
38,2025-06-07,70
39,2025-06-07,76
40,2025-06-07,148
41,2025-06-07,162
42,2025-06-07,73
43,2025-06-07,140
44,2025-06-07,118
45,2025-06-07,192
46,2025-06-07,155
47,2025-06-07,186
48,2025-06-07,16
49,2025-06-07,182
50,2025-06-07,119
1,2025-06-06,190
2,2025-06-06,44
3,2025-06-06,60
4,2025-06-06,66
5,2025-06-06,48
6,2025-06-06,21
7,2025-06-06,146
8,2025-06-06,121
9,2025-06-06,165
10,2025-06-06,42
11,2025-06-06,70
12,2025-06-06,149
13,2025-06-06,82
14,2025-06-06,132
15,2025-06-06,191
16,2025-06-06,134
17,2025-06-06,198
18,2025-06-06,33
19,2025-06-06,72
20,2025-06-06,75
21,2025-06-06,177
22,2025-06-06,70
23,2025-06-06,27
24,2025-06-06,78
25,2025-06-06,35
26,2025-06-06,125
27,2025-06-06,165
28,2025-06-06,195
29,2025-06-06,158
30,2025-06-06,175
31,2025-06-06,11
32,2025-06-06,103
33,2025-06-06,56
34,2025-06-06,159
35,2025-06-06,0
36,2025-06-06,4
37,2025-06-06,140
38,2025-06-06,24
39,2025-06-06,122
40,2025-06-06,179
41,2025-06-06,29
42,2025-06-06,198
43,2025-06-06,57
44,2025-06-06,187
45,2025-06-06,2
46,2025-06-06,145
47,2025-06-06,183
48,2025-06-06,3
49,2025-06-06,191
50,2025-06-06,66
1,2025-06-05,38
2,2025-06-05,21
3,2025-06-05,51
4,2025-06-05,126
5,2025-06-05,138
6,2025-06-05,100
7,2025-06-05,9
8,2025-06-05,150
9,2025-06-05,0
10,2025-06-05,127
11,2025-06-05,130
12,2025-06-05,183
13,2025-06-05,102
14,2025-06-05,32
15,2025-06-05,130
16,2025-06-05,117
17,2025-06-05,33
18,2025-06-05,40
19,2025-06-05,72
20,2025-06-05,193
21,2025-06-05,20
22,2025-06-05,120
23,2025-06-05,4
24,2025-06-05,108
25,2025-06-05,125
26,2025-06-05,158
27,2025-06-05,22
28,2025-06-05,12
29,2025-06-05,112
30,2025-06-05,187
31,2025-06-05,148
32,2025-06-05,168
33,2025-06-05,58
34,2025-06-05,22
35,2025-06-05,56
36,2025-06-05,96
37,2025-06-05,39
38,2025-06-05,165
39,2025-06-05,127
40,2025-06-05,14
41,2025-06-05,18
42,2025-06-05,11
43,2025-06-05,9
44,2025-06-05,53
45,2025-06-05,95
46,2025-06-05,96
47,2025-06-05,111
48,2025-06-05,71
49,2025-06-05,196
50,2025-06-05,124
1,2025-06-04,78
2,2025-06-04,84
3,2025-06-04,78
4,2025-06-04,45
5,2025-06-04,119
6,2025-06-04,156
7,2025-06-04,113
8,2025-06-04,139
9,2025-06-04,134
10,2025-06-04,82
11,2025-06-04,39
12,2025-06-04,160
13,2025-06-04,156
14,2025-06-04,178
15,2025-06-04,122
16,2025-06-04,198
17,2025-06-04,130
18,2025-06-04,171
19,2025-06-04,52
20,2025-06-04,19
21,2025-06-04,69
22,2025-06-04,90
23,2025-06-04,170
24,2025-06-04,156
25,2025-06-04,37
26,2025-06-04,91
27,2025-06-04,192
28,2025-06-04,120
29,2025-06-04,24
30,2025-06-04,185
31,2025-06-04,64
32,2025-06-04,158
33,2025-06-04,182
34,2025-06-04,131
35,2025-06-04,181
36,2025-06-04,154
37,2025-06-04,23
38,2025-06-04,9
39,2025-06-04,183
40,2025-06-04,139
41,2025-06-04,2
42,2025-06-04,90
43,2025-06-04,98
44,2025-06-04,109
45,2025-06-04,47
46,2025-06-04,51
47,2025-06-04,167
48,2025-06-04,158
49,2025-06-04,143
50,2025-06-04,148
1,2025-06-03,126
2,2025-06-03,40
3,2025-06-03,154
4,2025-06-03,94
5,2025-06-03,136
6,2025-06-03,28
7,2025-06-03,56
8,2025-06-03,83
9,2025-06-03,64
10,2025-06-03,54
11,2025-06-03,178
12,2025-06-03,123
13,2025-06-03,21
14,2025-06-03,78
15,2025-06-03,179
16,2025-06-03,37
17,2025-06-03,130
18,2025-06-03,147
19,2025-06-03,196
20,2025-06-03,90
21,2025-06-03,49
22,2025-06-03,26
23,2025-06-03,103
24,2025-06-03,181
25,2025-06-03,157
26,2025-06-03,136
27,2025-06-03,39
28,2025-06-03,54
29,2025-06-03,5
30,2025-06-03,48
31,2025-06-03,145
32,2025-06-03,158
33,2025-06-03,40
34,2025-06-03,122
35,2025-06-03,34
36,2025-06-03,71
37,2025-06-03,2
38,2025-06-03,93
39,2025-06-03,167
40,2025-06-03,162
41,2025-06-03,3
42,2025-06-03,187
43,2025-06-03,136
44,2025-06-03,89
45,2025-06-03,145
46,2025-06-03,194
47,2025-06-03,78
48,2025-06-03,49
49,2025-06-03,23
50,2025-06-03,133
1,2025-06-02,199
2,2025-06-02,198
3,2025-06-02,45
4,2025-06-02,107
5,2025-06-02,55
6,2025-06-02,101
7,2025-06-02,106
8,2025-06-02,119
9,2025-06-02,127
10,2025-06-02,196
11,2025-06-02,155
12,2025-06-02,196
13,2025-06-02,83
14,2025-06-02,173
15,2025-06-02,39
16,2025-06-02,151
17,2025-06-02,60
18,2025-06-02,169
19,2025-06-02,77
20,2025-06-02,2
21,2025-06-02,30
22,2025-06-02,163
23,2025-06-02,117
24,2025-06-02,51
25,2025-06-02,162
26,2025-06-02,135
27,2025-06-02,106
28,2025-06-02,172
29,2025-06-02,82
30,2025-06-02,150
31,2025-06-02,71
32,2025-06-02,73
33,2025-06-02,186
34,2025-06-02,66
35,2025-06-02,99
36,2025-06-02,117
37,2025-06-02,123
38,2025-06-02,110
39,2025-06-02,19
40,2025-06-02,57
41,2025-06-02,71
42,2025-06-02,70
43,2025-06-02,184
44,2025-06-02,184
45,2025-06-02,198
46,2025-06-02,75
47,2025-06-02,119
48,2025-06-02,193
49,2025-06-02,76
50,2025-06-02,122
1,2025-06-01,167
2,2025-06-01,86
3,2025-06-01,17
4,2025-06-01,29
5,2025-06-01,127
6,2025-06-01,93
7,2025-06-01,140
8,2025-06-01,42
9,2025-06-01,160
10,2025-06-01,122
11,2025-06-01,60
12,2025-06-01,24
13,2025-06-01,117
14,2025-06-01,103
15,2025-06-01,87
16,2025-06-01,51
17,2025-06-01,128
18,2025-06-01,130
19,2025-06-01,196
20,2025-06-01,36
21,2025-06-01,47
22,2025-06-01,70
23,2025-06-01,108
24,2025-06-01,41
25,2025-06-01,195
26,2025-06-01,196
27,2025-06-01,120
28,2025-06-01,157
29,2025-06-01,85
30,2025-06-01,108
31,2025-06-01,62
32,2025-06-01,22
33,2025-06-01,61
34,2025-06-01,94
35,2025-06-01,127
36,2025-06-01,86
37,2025-06-01,116
38,2025-06-01,64
39,2025-06-01,107
40,2025-06-01,74
41,2025-06-01,159
42,2025-06-01,192
43,2025-06-01,129
44,2025-06-01,132
45,2025-06-01,196
46,2025-06-01,20
47,2025-06-01,90
48,2025-06-01,171
49,2025-06-01,94
50,2025-06-01,46
1,2025-05-31,181
2,2025-05-31,149
3,2025-05-31,41
4,2025-05-31,191
5,2025-05-31,134
6,2025-05-31,131
7,2025-05-31,13
8,2025-05-31,187
9,2025-05-31,66
10,2025-05-31,104
11,2025-05-31,67
12,2025-05-31,35
13,2025-05-31,102
14,2025-05-31,67
15,2025-05-31,131
16,2025-05-31,48
17,2025-05-31,132
18,2025-05-31,102
19,2025-05-31,85
20,2025-05-31,193
21,2025-05-31,89
22,2025-05-31,92
23,2025-05-31,113
24,2025-05-31,127
25,2025-05-31,9
26,2025-05-31,141
27,2025-05-31,121
28,2025-05-31,123
29,2025-05-31,31
30,2025-05-31,68
31,2025-05-31,79
32,2025-05-31,81
33,2025-05-31,39
34,2025-05-31,100
35,2025-05-31,148
36,2025-05-31,110
37,2025-05-31,148
38,2025-05-31,164
39,2025-05-31,44
40,2025-05-31,106
41,2025-05-31,150
42,2025-05-31,145
43,2025-05-31,159
44,2025-05-31,182
45,2025-05-31,26
46,2025-05-31,98
47,2025-05-31,106
48,2025-05-31,96
49,2025-05-31,148
50,2025-05-31,191
1,2025-05-30,109
2,2025-05-30,191
3,2025-05-30,58
4,2025-05-30,59
5,2025-05-30,91
6,2025-05-30,114
7,2025-05-30,42
8,2025-05-30,38
9,2025-05-30,125
10,2025-05-30,99
11,2025-05-30,157
12,2025-05-30,9
13,2025-05-30,115
14,2025-05-30,87
15,2025-05-30,68
16,2025-05-30,38
17,2025-05-30,178
18,2025-05-30,191
19,2025-05-30,157
20,2025-05-30,9
21,2025-05-30,76
22,2025-05-30,189
23,2025-05-30,167
24,2025-05-30,80
25,2025-05-30,24
26,2025-05-30,32
27,2025-05-30,119
28,2025-05-30,112
29,2025-05-30,82
30,2025-05-30,98
31,2025-05-30,96
32,2025-05-30,0
33,2025-05-30,89
34,2025-05-30,128
35,2025-05-30,97
36,2025-05-30,102
37,2025-05-30,131
38,2025-05-30,49
39,2025-05-30,86
40,2025-05-30,103
41,2025-05-30,155
42,2025-05-30,33
43,2025-05-30,83
44,2025-05-30,199
45,2025-05-30,122
46,2025-05-30,24
47,2025-05-30,14
48,2025-05-30,12
49,2025-05-30,71
50,2025-05-30,130
1,2025-05-29,187
2,2025-05-29,186
3,2025-05-29,96
4,2025-05-29,66
5,2025-05-29,93
6,2025-05-29,35
7,2025-05-29,109
8,2025-05-29,114
9,2025-05-29,108
10,2025-05-29,66
11,2025-05-29,14
12,2025-05-29,187
13,2025-05-29,110
14,2025-05-29,3
15,2025-05-29,23
16,2025-05-29,167
17,2025-05-29,181
18,2025-05-29,89
19,2025-05-29,150
20,2025-05-29,156
21,2025-05-29,83
22,2025-05-29,172
23,2025-05-29,129
24,2025-05-29,189
25,2025-05-29,60
26,2025-05-29,162
27,2025-05-29,123
28,2025-05-29,135
29,2025-05-29,22
30,2025-05-29,23
31,2025-05-29,99
32,2025-05-29,174
33,2025-05-29,70
34,2025-05-29,91
35,2025-05-29,54
36,2025-05-29,10
37,2025-05-29,22
38,2025-05-29,166
39,2025-05-29,109
40,2025-05-29,137
41,2025-05-29,17
42,2025-05-29,182
43,2025-05-29,21
44,2025-05-29,75
45,2025-05-29,8
46,2025-05-29,200
47,2025-05-29,161
48,2025-05-29,75
49,2025-05-29,182
50,2025-05-29,119
1,2025-05-28,94
2,2025-05-28,106
3,2025-05-28,89
4,2025-05-28,125
5,2025-05-28,85
6,2025-05-28,46
7,2025-05-28,47
8,2025-05-28,161
9,2025-05-28,96
10,2025-05-28,61
11,2025-05-28,77
12,2025-05-28,131
13,2025-05-28,1
14,2025-05-28,160
15,2025-05-28,71
16,2025-05-28,65
17,2025-05-28,60
18,2025-05-28,78
19,2025-05-28,14
20,2025-05-28,199
21,2025-05-28,162
22,2025-05-28,49
23,2025-05-28,35
24,2025-05-28,43
25,2025-05-28,109
26,2025-05-28,129
27,2025-05-28,70
28,2025-05-28,7
29,2025-05-28,199
30,2025-05-28,2
31,2025-05-28,178
32,2025-05-28,109
33,2025-05-28,170
34,2025-05-28,7
35,2025-05-28,162
36,2025-05-28,119
37,2025-05-28,22
38,2025-05-28,177
39,2025-05-28,86
40,2025-05-28,79
41,2025-05-28,177
42,2025-05-28,174
43,2025-05-28,41
44,2025-05-28,22
45,2025-05-28,15
46,2025-05-28,183
47,2025-05-28,199
48,2025-05-28,8
49,2025-05-28,167
50,2025-05-28,82
1,2025-05-27,59
2,2025-05-27,0
3,2025-05-27,28
4,2025-05-27,82
5,2025-05-27,115
6,2025-05-27,72
7,2025-05-27,86
8,2025-05-27,54
9,2025-05-27,2
10,2025-05-27,200
11,2025-05-27,165
12,2025-05-27,113
13,2025-05-27,17
14,2025-05-27,109
15,2025-05-27,116
16,2025-05-27,56
17,2025-05-27,109
18,2025-05-27,15
19,2025-05-27,98
20,2025-05-27,63
21,2025-05-27,101
22,2025-05-27,151
23,2025-05-27,74
24,2025-05-27,181
25,2025-05-27,121
26,2025-05-27,157
27,2025-05-27,185
28,2025-05-27,77
29,2025-05-27,97
30,2025-05-27,64
31,2025-05-27,147
32,2025-05-27,146
33,2025-05-27,156
34,2025-05-27,104
35,2025-05-27,67
36,2025-05-27,84
37,2025-05-27,195
38,2025-05-27,128
39,2025-05-27,46
40,2025-05-27,191
41,2025-05-27,114
42,2025-05-27,44
43,2025-05-27,31
44,2025-05-27,115
45,2025-05-27,42
46,2025-05-27,66
47,2025-05-27,27
48,2025-05-27,64
49,2025-05-27,142
50,2025-05-27,75
1,2025-05-26,49
2,2025-05-26,50
3,2025-05-26,122
4,2025-05-26,3
5,2025-05-26,155
6,2025-05-26,48
7,2025-05-26,30
8,2025-05-26,158
9,2025-05-26,22
10,2025-05-26,37
11,2025-05-26,139
12,2025-05-26,46
13,2025-05-26,178
14,2025-05-26,115
15,2025-05-26,74
16,2025-05-26,96
17,2025-05-26,17
18,2025-05-26,124
19,2025-05-26,87
20,2025-05-26,113
21,2025-05-26,70
22,2025-05-26,28
23,2025-05-26,62
24,2025-05-26,26
25,2025-05-26,5
26,2025-05-26,98
27,2025-05-26,151
28,2025-05-26,41
29,2025-05-26,184
30,2025-05-26,119
31,2025-05-26,68
32,2025-05-26,21
33,2025-05-26,183
34,2025-05-26,53
35,2025-05-26,71
36,2025-05-26,129
37,2025-05-26,142
38,2025-05-26,92
39,2025-05-26,180
40,2025-05-26,183
41,2025-05-26,110
42,2025-05-26,94
43,2025-05-26,59
44,2025-05-26,75
45,2025-05-26,138
46,2025-05-26,67
47,2025-05-26,153
48,2025-05-26,156
49,2025-05-26,0
50,2025-05-26,5
1,2025-05-25,87
2,2025-05-25,132
3,2025-05-25,170
4,2025-05-25,89
5,2025-05-25,164
6,2025-05-25,124
7,2025-05-25,100
8,2025-05-25,4
9,2025-05-25,187
10,2025-05-25,60
11,2025-05-25,189
12,2025-05-25,65
13,2025-05-25,161
14,2025-05-25,180
15,2025-05-25,8
16,2025-05-25,13
17,2025-05-25,152
18,2025-05-25,56
19,2025-05-25,91
20,2025-05-25,183
21,2025-05-25,123
22,2025-05-25,194
23,2025-05-25,85
24,2025-05-25,172
25,2025-05-25,78
26,2025-05-25,24
27,2025-05-25,69
28,2025-05-25,54
29,2025-05-25,138
30,2025-05-25,25
31,2025-05-25,59
32,2025-05-25,6
33,2025-05-25,172
34,2025-05-25,175
35,2025-05-25,130
36,2025-05-25,30
37,2025-05-25,101
38,2025-05-25,57
39,2025-05-25,144
40,2025-05-25,21
41,2025-05-25,43
42,2025-05-25,115
43,2025-05-25,69
44,2025-05-25,188
45,2025-05-25,43
46,2025-05-25,119
47,2025-05-25,124
48,2025-05-25,130
49,2025-05-25,167
50,2025-05-25,142
1,2025-05-24,50
2,2025-05-24,179
3,2025-05-24,154
4,2025-05-24,84
5,2025-05-24,21
6,2025-05-24,158
7,2025-05-24,93
8,2025-05-24,18
9,2025-05-24,13
10,2025-05-24,138
11,2025-05-24,21
12,2025-05-24,31
13,2025-05-24,105
14,2025-05-24,170
15,2025-05-24,157
16,2025-05-24,88
17,2025-05-24,5
18,2025-05-24,72
19,2025-05-24,106
20,2025-05-24,126
21,2025-05-24,46
22,2025-05-24,12
23,2025-05-24,33
24,2025-05-24,118
25,2025-05-24,96
26,2025-05-24,114
27,2025-05-24,163
28,2025-05-24,102
29,2025-05-24,42
30,2025-05-24,178
31,2025-05-24,110
32,2025-05-24,62
33,2025-05-24,149
34,2025-05-24,155
35,2025-05-24,186
36,2025-05-24,118
37,2025-05-24,171
38,2025-05-24,28
39,2025-05-24,52
40,2025-05-24,47
41,2025-05-24,169
42,2025-05-24,169
43,2025-05-24,10
44,2025-05-24,50
45,2025-05-24,140
46,2025-05-24,104
47,2025-05-24,192
48,2025-05-24,83
49,2025-05-24,5
50,2025-05-24,73
1,2025-05-23,51
2,2025-05-23,62
3,2025-05-23,82
4,2025-05-23,144
5,2025-05-23,155
6,2025-05-23,13
7,2025-05-23,179
8,2025-05-23,149
9,2025-05-23,111
10,2025-05-23,88
11,2025-05-23,93
12,2025-05-23,165
13,2025-05-23,195
14,2025-05-23,114
15,2025-05-23,45
16,2025-05-23,2
17,2025-05-23,1
18,2025-05-23,65
19,2025-05-23,193
20,2025-05-23,34
21,2025-05-23,32
22,2025-05-23,175
23,2025-05-23,194
24,2025-05-23,109
25,2025-05-23,72
26,2025-05-23,192
27,2025-05-23,36
28,2025-05-23,155
29,2025-05-23,56
30,2025-05-23,151
31,2025-05-23,166
32,2025-05-23,163
33,2025-05-23,117
34,2025-05-23,25
35,2025-05-23,190
36,2025-05-23,80
37,2025-05-23,150
38,2025-05-23,135
39,2025-05-23,200
40,2025-05-23,102
41,2025-05-23,73
42,2025-05-23,24
43,2025-05-23,69
44,2025-05-23,191
45,2025-05-23,48
46,2025-05-23,138
47,2025-05-23,75
48,2025-05-23,102
49,2025-05-23,58
50,2025-05-23,36
1,2025-05-22,173
2,2025-05-22,38
3,2025-05-22,131
4,2025-05-22,141
5,2025-05-22,186
6,2025-05-22,51
7,2025-05-22,2
8,2025-05-22,65
9,2025-05-22,32
10,2025-05-22,163
11,2025-05-22,102
12,2025-05-22,147
13,2025-05-22,157
14,2025-05-22,85
15,2025-05-22,152
16,2025-05-22,186
17,2025-05-22,27
18,2025-05-22,176
19,2025-05-22,184
20,2025-05-22,99
21,2025-05-22,120
22,2025-05-22,74
23,2025-05-22,9
24,2025-05-22,22
25,2025-05-22,150
26,2025-05-22,19
27,2025-05-22,112
28,2025-05-22,169
29,2025-05-22,190
30,2025-05-22,66
31,2025-05-22,140
32,2025-05-22,62
33,2025-05-22,160
34,2025-05-22,8
35,2025-05-22,175
36,2025-05-22,65
37,2025-05-22,62
38,2025-05-22,129
39,2025-05-22,193
40,2025-05-22,198
41,2025-05-22,17
42,2025-05-22,23
43,2025-05-22,12
44,2025-05-22,53
45,2025-05-22,148
46,2025-05-22,120
47,2025-05-22,184
48,2025-05-22,163
49,2025-05-22,100
50,2025-05-22,125
1,2025-05-21,113
2,2025-05-21,24
3,2025-05-21,152
4,2025-05-21,123
5,2025-05-21,107
6,2025-05-21,118
7,2025-05-21,199
8,2025-05-21,52
9,2025-05-21,42
10,2025-05-21,184
11,2025-05-21,101
12,2025-05-21,168
13,2025-05-21,133
14,2025-05-21,109
15,2025-05-21,6
16,2025-05-21,78
17,2025-05-21,119
18,2025-05-21,7
19,2025-05-21,177
20,2025-05-21,177
21,2025-05-21,119
22,2025-05-21,71
23,2025-05-21,24
24,2025-05-21,35
25,2025-05-21,130
26,2025-05-21,131
27,2025-05-21,6
28,2025-05-21,146
29,2025-05-21,46
30,2025-05-21,195
31,2025-05-21,16
32,2025-05-21,118
33,2025-05-21,82
34,2025-05-21,24
35,2025-05-21,93
36,2025-05-21,28
37,2025-05-21,141
38,2025-05-21,192
39,2025-05-21,165
40,2025-05-21,45
41,2025-05-21,137
42,2025-05-21,90
43,2025-05-21,40
44,2025-05-21,133
45,2025-05-21,192
46,2025-05-21,114
47,2025-05-21,95
48,2025-05-21,3
49,2025-05-21,149
50,2025-05-21,114
1,2025-05-20,50
2,2025-05-20,22
3,2025-05-20,5
4,2025-05-20,112
5,2025-05-20,141
6,2025-05-20,131
7,2025-05-20,32
8,2025-05-20,189
9,2025-05-20,34
10,2025-05-20,107
11,2025-05-20,178
12,2025-05-20,151
13,2025-05-20,138
14,2025-05-20,1
15,2025-05-20,162
16,2025-05-20,162
17,2025-05-20,136
18,2025-05-20,1
19,2025-05-20,45
20,2025-05-20,84
21,2025-05-20,193
22,2025-05-20,65
23,2025-05-20,180
24,2025-05-20,147
25,2025-05-20,168
26,2025-05-20,27
27,2025-05-20,109
28,2025-05-20,46
29,2025-05-20,65
30,2025-05-20,10
31,2025-05-20,105
32,2025-05-20,52
33,2025-05-20,96
34,2025-05-20,169
35,2025-05-20,200
36,2025-05-20,169
37,2025-05-20,47
38,2025-05-20,164
39,2025-05-20,143
40,2025-05-20,65
41,2025-05-20,179
42,2025-05-20,18
43,2025-05-20,168
44,2025-05-20,80
45,2025-05-20,150
46,2025-05-20,83
47,2025-05-20,131
48,2025-05-20,2
49,2025-05-20,80
50,2025-05-20,10
1,2025-05-19,93
2,2025-05-19,128
3,2025-05-19,0
4,2025-05-19,35
5,2025-05-19,117
6,2025-05-19,63
7,2025-05-19,4
8,2025-05-19,75
9,2025-05-19,7
10,2025-05-19,154
11,2025-05-19,132
12,2025-05-19,169
13,2025-05-19,11
14,2025-05-19,78
15,2025-05-19,84
16,2025-05-19,195
17,2025-05-19,65
18,2025-05-19,14
19,2025-05-19,57
20,2025-05-19,121
21,2025-05-19,136
22,2025-05-19,64
23,2025-05-19,34
24,2025-05-19,86
25,2025-05-19,36
26,2025-05-19,19
27,2025-05-19,60
28,2025-05-19,65
29,2025-05-19,170
30,2025-05-19,70
31,2025-05-19,106
32,2025-05-19,182
33,2025-05-19,41
34,2025-05-19,61
35,2025-05-19,18
36,2025-05-19,21
37,2025-05-19,166
38,2025-05-19,120
39,2025-05-19,110
40,2025-05-19,62
41,2025-05-19,185
42,2025-05-19,82
43,2025-05-19,66
44,2025-05-19,33
45,2025-05-19,111
46,2025-05-19,22
47,2025-05-19,129
48,2025-05-19,80
49,2025-05-19,192
50,2025-05-19,46
1,2025-05-18,97
2,2025-05-18,32
3,2025-05-18,110
4,2025-05-18,72
5,2025-05-18,177
6,2025-05-18,58
7,2025-05-18,0
8,2025-05-18,112
9,2025-05-18,172
10,2025-05-18,144
11,2025-05-18,154
12,2025-05-18,34
13,2025-05-18,3
14,2025-05-18,59
15,2025-05-18,74
16,2025-05-18,85
17,2025-05-18,190
18,2025-05-18,199
19,2025-05-18,77
20,2025-05-18,57
21,2025-05-18,89
22,2025-05-18,59
23,2025-05-18,68
24,2025-05-18,151
25,2025-05-18,185
26,2025-05-18,13
27,2025-05-18,197
28,2025-05-18,38
29,2025-05-18,179
30,2025-05-18,44
31,2025-05-18,50
32,2025-05-18,115
33,2025-05-18,7
34,2025-05-18,196
35,2025-05-18,14
36,2025-05-18,163
37,2025-05-18,196
38,2025-05-18,98
39,2025-05-18,133
40,2025-05-18,99
41,2025-05-18,29
42,2025-05-18,173
43,2025-05-18,44
44,2025-05-18,191
45,2025-05-18,53
46,2025-05-18,39
47,2025-05-18,192
48,2025-05-18,41
49,2025-05-18,160
50,2025-05-18,69
1,2025-05-17,96
2,2025-05-17,80
3,2025-05-17,19
4,2025-05-17,190
5,2025-05-17,92
6,2025-05-17,99
7,2025-05-17,41
8,2025-05-17,122
9,2025-05-17,0
10,2025-05-17,59
11,2025-05-17,44
12,2025-05-17,30
13,2025-05-17,67
14,2025-05-17,200
15,2025-05-17,62
16,2025-05-17,118
17,2025-05-17,142
18,2025-05-17,99
19,2025-05-17,77
20,2025-05-17,125
21,2025-05-17,48
22,2025-05-17,174
23,2025-05-17,190
24,2025-05-17,157
25,2025-05-17,11
26,2025-05-17,96
27,2025-05-17,127
28,2025-05-17,4
29,2025-05-17,28
30,2025-05-17,189
31,2025-05-17,50
32,2025-05-17,76
33,2025-05-17,91
34,2025-05-17,26
35,2025-05-17,109
36,2025-05-17,175
37,2025-05-17,26
38,2025-05-17,28
39,2025-05-17,18
40,2025-05-17,7
41,2025-05-17,175
42,2025-05-17,1
43,2025-05-17,124
44,2025-05-17,94
45,2025-05-17,176
46,2025-05-17,182
47,2025-05-17,62
48,2025-05-17,109
49,2025-05-17,143
50,2025-05-17,138
1,2025-05-16,13
2,2025-05-16,4
3,2025-05-16,29
4,2025-05-16,164
5,2025-05-16,199
6,2025-05-16,175
7,2025-05-16,80
8,2025-05-16,163
9,2025-05-16,108
10,2025-05-16,188
11,2025-05-16,2
12,2025-05-16,95
13,2025-05-16,138
14,2025-05-16,22
15,2025-05-16,157
16,2025-05-16,26
17,2025-05-16,105
18,2025-05-16,60
19,2025-05-16,188
20,2025-05-16,27
21,2025-05-16,22
22,2025-05-16,137
23,2025-05-16,144
24,2025-05-16,143
25,2025-05-16,145
26,2025-05-16,109
27,2025-05-16,139
28,2025-05-16,146
29,2025-05-16,33
30,2025-05-16,174
31,2025-05-16,84
32,2025-05-16,65
33,2025-05-16,74
34,2025-05-16,142
35,2025-05-16,119
36,2025-05-16,197
37,2025-05-16,190
38,2025-05-16,0
39,2025-05-16,69
40,2025-05-16,42
41,2025-05-16,127
42,2025-05-16,49
43,2025-05-16,10
44,2025-05-16,58
45,2025-05-16,100
46,2025-05-16,138
47,2025-05-16,163
48,2025-05-16,93
49,2025-05-16,87
50,2025-05-16,32
1,2025-05-15,12
2,2025-05-15,137
3,2025-05-15,56
4,2025-05-15,83
5,2025-05-15,158
6,2025-05-15,171
7,2025-05-15,176
8,2025-05-15,19
9,2025-05-15,139
10,2025-05-15,185
11,2025-05-15,134
12,2025-05-15,19
13,2025-05-15,65
14,2025-05-15,166
15,2025-05-15,12
16,2025-05-15,129
17,2025-05-15,56
18,2025-05-15,151
19,2025-05-15,95
20,2025-05-15,141
21,2025-05-15,36
22,2025-05-15,10
23,2025-05-15,133
24,2025-05-15,156
25,2025-05-15,95
26,2025-05-15,157
27,2025-05-15,22
28,2025-05-15,83
29,2025-05-15,81
30,2025-05-15,142
31,2025-05-15,139
32,2025-05-15,3
33,2025-05-15,17
34,2025-05-15,68
35,2025-05-15,122
36,2025-05-15,42
37,2025-05-15,33
38,2025-05-15,129
39,2025-05-15,72
40,2025-05-15,82
41,2025-05-15,53
42,2025-05-15,41
43,2025-05-15,142
44,2025-05-15,109
45,2025-05-15,138
46,2025-05-15,126
47,2025-05-15,0
48,2025-05-15,59
49,2025-05-15,111
50,2025-05-15,94
1,2025-05-14,145
2,2025-05-14,12
3,2025-05-14,195
4,2025-05-14,72
5,2025-05-14,54
6,2025-05-14,96
7,2025-05-14,167
8,2025-05-14,115
9,2025-05-14,164
10,2025-05-14,148
11,2025-05-14,82
12,2025-05-14,169
13,2025-05-14,34
14,2025-05-14,8
15,2025-05-14,60
16,2025-05-14,167
17,2025-05-14,75
18,2025-05-14,29
19,2025-05-14,76
20,2025-05-14,87
21,2025-05-14,108
22,2025-05-14,80
23,2025-05-14,75
24,2025-05-14,165
25,2025-05-14,23
26,2025-05-14,86
27,2025-05-14,6
28,2025-05-14,74
29,2025-05-14,170
30,2025-05-14,128
31,2025-05-14,131
32,2025-05-14,195
33,2025-05-14,161
34,2025-05-14,85
35,2025-05-14,114
36,2025-05-14,95
37,2025-05-14,161
38,2025-05-14,123
39,2025-05-14,146
40,2025-05-14,23
41,2025-05-14,81
42,2025-05-14,5
43,2025-05-14,75
44,2025-05-14,12
45,2025-05-14,169
46,2025-05-14,54
47,2025-05-14,1
48,2025-05-14,128
49,2025-05-14,149
50,2025-05-14,110
1,2025-05-13,38
2,2025-05-13,138
3,2025-05-13,125
4,2025-05-13,74
5,2025-05-13,96
6,2025-05-13,150
7,2025-05-13,12
8,2025-05-13,182
9,2025-05-13,119
10,2025-05-13,146
11,2025-05-13,150
12,2025-05-13,80
13,2025-05-13,53
14,2025-05-13,127
15,2025-05-13,167
16,2025-05-13,4
17,2025-05-13,157
18,2025-05-13,133
19,2025-05-13,165
20,2025-05-13,61
21,2025-05-13,83
22,2025-05-13,174
23,2025-05-13,103
24,2025-05-13,189
25,2025-05-13,199
26,2025-05-13,90
27,2025-05-13,198
28,2025-05-13,143
29,2025-05-13,52
30,2025-05-13,101
31,2025-05-13,166
32,2025-05-13,179
33,2025-05-13,154
34,2025-05-13,188
35,2025-05-13,183
36,2025-05-13,64
37,2025-05-13,144
38,2025-05-13,4
39,2025-05-13,126
40,2025-05-13,91
41,2025-05-13,74
42,2025-05-13,45
43,2025-05-13,0
44,2025-05-13,103
45,2025-05-13,160
46,2025-05-13,167
47,2025-05-13,68
48,2025-05-13,158
49,2025-05-13,59
50,2025-05-13,179
1,2025-05-12,45
2,2025-05-12,133
3,2025-05-12,49
4,2025-05-12,45
5,2025-05-12,126
6,2025-05-12,37
7,2025-05-12,10
8,2025-05-12,189
9,2025-05-12,165
10,2025-05-12,142
11,2025-05-12,134
12,2025-05-12,116
13,2025-05-12,174
14,2025-05-12,193
15,2025-05-12,45
16,2025-05-12,157
17,2025-05-12,178
18,2025-05-12,99
19,2025-05-12,51
20,2025-05-12,172
21,2025-05-12,101
22,2025-05-12,22
23,2025-05-12,18
24,2025-05-12,172
25,2025-05-12,108
26,2025-05-12,40
27,2025-05-12,154
28,2025-05-12,53
29,2025-05-12,12
30,2025-05-12,79
31,2025-05-12,27
32,2025-05-12,60
33,2025-05-12,29
34,2025-05-12,43
35,2025-05-12,104
36,2025-05-12,169
37,2025-05-12,88
38,2025-05-12,123
39,2025-05-12,4
40,2025-05-12,43
41,2025-05-12,161
42,2025-05-12,62
43,2025-05-12,48
44,2025-05-12,47
45,2025-05-12,15
46,2025-05-12,112
47,2025-05-12,162
48,2025-05-12,141
49,2025-05-12,160
50,2025-05-12,131
1,2025-05-11,169
2,2025-05-11,19
3,2025-05-11,139
4,2025-05-11,98
5,2025-05-11,155
6,2025-05-11,44
7,2025-05-11,84
8,2025-05-11,11
9,2025-05-11,27
10,2025-05-11,194
11,2025-05-11,117
12,2025-05-11,15
13,2025-05-11,85
14,2025-05-11,46
15,2025-05-11,6
16,2025-05-11,120
17,2025-05-11,139
18,2025-05-11,143
19,2025-05-11,121
20,2025-05-11,98
21,2025-05-11,65
22,2025-05-11,28
23,2025-05-11,31
24,2025-05-11,68
25,2025-05-11,109
26,2025-05-11,138
27,2025-05-11,174
28,2025-05-11,198
29,2025-05-11,111
30,2025-05-11,164
31,2025-05-11,107
32,2025-05-11,2
33,2025-05-11,174
34,2025-05-11,47
35,2025-05-11,100
36,2025-05-11,13
37,2025-05-11,130
38,2025-05-11,16
39,2025-05-11,75
40,2025-05-11,172
41,2025-05-11,69
42,2025-05-11,83
43,2025-05-11,158
44,2025-05-11,131
45,2025-05-11,90
46,2025-05-11,47
47,2025-05-11,99
48,2025-05-11,166
49,2025-05-11,56
50,2025-05-11,70
1,2025-05-10,23
2,2025-05-10,56
3,2025-05-10,107
4,2025-05-10,93
5,2025-05-10,124
6,2025-05-10,135
7,2025-05-10,14
8,2025-05-10,20
9,2025-05-10,85
10,2025-05-10,92
11,2025-05-10,200
12,2025-05-10,29
13,2025-05-10,0
14,2025-05-10,193
15,2025-05-10,20
16,2025-05-10,61
17,2025-05-10,59
18,2025-05-10,72
19,2025-05-10,190
20,2025-05-10,10
21,2025-05-10,26
22,2025-05-10,53
23,2025-05-10,164
24,2025-05-10,116
25,2025-05-10,128
26,2025-05-10,174
27,2025-05-10,43
28,2025-05-10,31
29,2025-05-10,81
30,2025-05-10,72
31,2025-05-10,182
32,2025-05-10,120
33,2025-05-10,74
34,2025-05-10,178
35,2025-05-10,7
36,2025-05-10,153
37,2025-05-10,15
38,2025-05-10,83
39,2025-05-10,113
40,2025-05-10,48
41,2025-05-10,85
42,2025-05-10,80
43,2025-05-10,47
44,2025-05-10,25
45,2025-05-10,150
46,2025-05-10,99
47,2025-05-10,135
48,2025-05-10,135
49,2025-05-10,106
50,2025-05-10,101
1,2025-05-09,138
2,2025-05-09,91
3,2025-05-09,170
4,2025-05-09,179
5,2025-05-09,64
6,2025-05-09,119
7,2025-05-09,97
8,2025-05-09,130
9,2025-05-09,146
10,2025-05-09,54
11,2025-05-09,174
12,2025-05-09,68
13,2025-05-09,140
14,2025-05-09,165
15,2025-05-09,120
16,2025-05-09,84
17,2025-05-09,181
18,2025-05-09,158
19,2025-05-09,62
20,2025-05-09,111
21,2025-05-09,83
22,2025-05-09,75
23,2025-05-09,84
24,2025-05-09,15
25,2025-05-09,110
26,2025-05-09,132
27,2025-05-09,188
28,2025-05-09,43
29,2025-05-09,3
30,2025-05-09,158
31,2025-05-09,3
32,2025-05-09,160
33,2025-05-09,93
34,2025-05-09,35
35,2025-05-09,169
36,2025-05-09,10
37,2025-05-09,149
38,2025-05-09,184
39,2025-05-09,162
40,2025-05-09,142
41,2025-05-09,133
42,2025-05-09,136
43,2025-05-09,80
44,2025-05-09,56
45,2025-05-09,154
46,2025-05-09,199
47,2025-05-09,7
48,2025-05-09,161
49,2025-05-09,189
50,2025-05-09,96
1,2025-05-08,19
2,2025-05-08,104
3,2025-05-08,70
4,2025-05-08,5
5,2025-05-08,158
6,2025-05-08,92
7,2025-05-08,26
8,2025-05-08,128
9,2025-05-08,40
10,2025-05-08,158
11,2025-05-08,199
12,2025-05-08,142
13,2025-05-08,185
14,2025-05-08,0
15,2025-05-08,91
16,2025-05-08,85
17,2025-05-08,180
18,2025-05-08,57
19,2025-05-08,125
20,2025-05-08,92
21,2025-05-08,71
22,2025-05-08,37
23,2025-05-08,28
24,2025-05-08,64
25,2025-05-08,152
26,2025-05-08,198
27,2025-05-08,28
28,2025-05-08,82
29,2025-05-08,10
30,2025-05-08,141
31,2025-05-08,6
32,2025-05-08,3
33,2025-05-08,110
34,2025-05-08,92
35,2025-05-08,79
36,2025-05-08,121
37,2025-05-08,122
38,2025-05-08,112
39,2025-05-08,99
40,2025-05-08,84
41,2025-05-08,180
42,2025-05-08,31
43,2025-05-08,183
44,2025-05-08,8
45,2025-05-08,0
46,2025-05-08,84
47,2025-05-08,152
48,2025-05-08,80
49,2025-05-08,11
50,2025-05-08,120
1,2025-05-07,180
2,2025-05-07,39
3,2025-05-07,42
4,2025-05-07,50
5,2025-05-07,78
6,2025-05-07,81
7,2025-05-07,126
8,2025-05-07,33
9,2025-05-07,190
10,2025-05-07,104
11,2025-05-07,99
12,2025-05-07,169
13,2025-05-07,174
14,2025-05-07,12
15,2025-05-07,186
16,2025-05-07,200
17,2025-05-07,31
18,2025-05-07,37
19,2025-05-07,194
20,2025-05-07,81
21,2025-05-07,148
22,2025-05-07,86
23,2025-05-07,104
24,2025-05-07,14
25,2025-05-07,172
26,2025-05-07,75
27,2025-05-07,85
28,2025-05-07,9
29,2025-05-07,200
30,2025-05-07,186
31,2025-05-07,26
32,2025-05-07,71
33,2025-05-07,169
34,2025-05-07,179
35,2025-05-07,97
36,2025-05-07,62
37,2025-05-07,45
38,2025-05-07,32
39,2025-05-07,74
40,2025-05-07,60
41,2025-05-07,153
42,2025-05-07,16
43,2025-05-07,149
44,2025-05-07,187
45,2025-05-07,152
46,2025-05-07,11
47,2025-05-07,37
48,2025-05-07,178
49,2025-05-07,21
50,2025-05-07,84
1,2025-05-06,125
2,2025-05-06,29
3,2025-05-06,56
4,2025-05-06,67
5,2025-05-06,198
6,2025-05-06,142
7,2025-05-06,77
8,2025-05-06,76
9,2025-05-06,7
10,2025-05-06,1
11,2025-05-06,139
12,2025-05-06,95
13,2025-05-06,62
14,2025-05-06,198
15,2025-05-06,195
16,2025-05-06,126
17,2025-05-06,129
18,2025-05-06,177
19,2025-05-06,6
20,2025-05-06,199
21,2025-05-06,3
22,2025-05-06,137
23,2025-05-06,86
24,2025-05-06,150
25,2025-05-06,125
26,2025-05-06,60
27,2025-05-06,143
28,2025-05-06,196
29,2025-05-06,28
30,2025-05-06,156
31,2025-05-06,0
32,2025-05-06,182
33,2025-05-06,134
34,2025-05-06,72
35,2025-05-06,22
36,2025-05-06,31
37,2025-05-06,14
38,2025-05-06,131
39,2025-05-06,92
40,2025-05-06,120
41,2025-05-06,154
42,2025-05-06,185
43,2025-05-06,22
44,2025-05-06,199
45,2025-05-06,145
46,2025-05-06,35
47,2025-05-06,146
48,2025-05-06,174
49,2025-05-06,143
50,2025-05-06,44
1,2025-05-05,74
2,2025-05-05,51
3,2025-05-05,94
4,2025-05-05,58
5,2025-05-05,191
6,2025-05-05,28
7,2025-05-05,62
8,2025-05-05,159
9,2025-05-05,160
10,2025-05-05,55
11,2025-05-05,114
12,2025-05-05,126
13,2025-05-05,189
14,2025-05-05,53
15,2025-05-05,36
16,2025-05-05,17
17,2025-05-05,70
18,2025-05-05,72
19,2025-05-05,30
20,2025-05-05,112
21,2025-05-05,107
22,2025-05-05,27
23,2025-05-05,50
24,2025-05-05,48
25,2025-05-05,192
26,2025-05-05,171
27,2025-05-05,194
28,2025-05-05,21
29,2025-05-05,88
30,2025-05-05,144
31,2025-05-05,114
32,2025-05-05,64
33,2025-05-05,23
34,2025-05-05,4
35,2025-05-05,74
36,2025-05-05,117
37,2025-05-05,52
38,2025-05-05,117
39,2025-05-05,17
40,2025-05-05,54
41,2025-05-05,151
42,2025-05-05,181
43,2025-05-05,148
44,2025-05-05,172
45,2025-05-05,43
46,2025-05-05,2
47,2025-05-05,9
48,2025-05-05,151
49,2025-05-05,4
50,2025-05-05,52
1,2025-05-04,80
2,2025-05-04,84
3,2025-05-04,57
4,2025-05-04,150
5,2025-05-04,43
6,2025-05-04,66
7,2025-05-04,7
8,2025-05-04,160
9,2025-05-04,149
10,2025-05-04,55
11,2025-05-04,108
12,2025-05-04,140
13,2025-05-04,82
14,2025-05-04,155
15,2025-05-04,175
16,2025-05-04,112
17,2025-05-04,62
18,2025-05-04,5
19,2025-05-04,0
20,2025-05-04,93
21,2025-05-04,137
22,2025-05-04,12
23,2025-05-04,116
24,2025-05-04,115
25,2025-05-04,115
26,2025-05-04,88
27,2025-05-04,170
28,2025-05-04,64
29,2025-05-04,110
30,2025-05-04,178
31,2025-05-04,58
32,2025-05-04,155
33,2025-05-04,189
34,2025-05-04,191
35,2025-05-04,104
36,2025-05-04,92
37,2025-05-04,4
38,2025-05-04,141
39,2025-05-04,114
40,2025-05-04,161
41,2025-05-04,198
42,2025-05-04,13
43,2025-05-04,70
44,2025-05-04,126
45,2025-05-04,154
46,2025-05-04,62
47,2025-05-04,109
48,2025-05-04,141
49,2025-05-04,111
50,2025-05-04,21
1,2025-05-03,177
2,2025-05-03,102
3,2025-05-03,187
4,2025-05-03,7
5,2025-05-03,147
6,2025-05-03,69
7,2025-05-03,176
8,2025-05-03,131
9,2025-05-03,46
10,2025-05-03,14
11,2025-05-03,143
12,2025-05-03,138
13,2025-05-03,73
14,2025-05-03,54
15,2025-05-03,146
16,2025-05-03,116
17,2025-05-03,137
18,2025-05-03,85
19,2025-05-03,17
20,2025-05-03,157
21,2025-05-03,84
22,2025-05-03,132
23,2025-05-03,64
24,2025-05-03,160
25,2025-05-03,192
26,2025-05-03,140
27,2025-05-03,52
28,2025-05-03,57
29,2025-05-03,176
30,2025-05-03,111
31,2025-05-03,88
32,2025-05-03,191
33,2025-05-03,1
34,2025-05-03,172
35,2025-05-03,139
36,2025-05-03,165
37,2025-05-03,188
38,2025-05-03,3
39,2025-05-03,166
40,2025-05-03,29
41,2025-05-03,104
42,2025-05-03,196
43,2025-05-03,94
44,2025-05-03,24
45,2025-05-03,148
46,2025-05-03,76
47,2025-05-03,126
48,2025-05-03,101
49,2025-05-03,156
50,2025-05-03,127
1,2025-05-02,2
2,2025-05-02,112
3,2025-05-02,115
4,2025-05-02,48
5,2025-05-02,43
6,2025-05-02,9
7,2025-05-02,188
8,2025-05-02,62
9,2025-05-02,44
10,2025-05-02,6
11,2025-05-02,46
12,2025-05-02,87
13,2025-05-02,105
14,2025-05-02,117
15,2025-05-02,85
16,2025-05-02,99
17,2025-05-02,30
18,2025-05-02,9
19,2025-05-02,119
20,2025-05-02,172
21,2025-05-02,67
22,2025-05-02,119
23,2025-05-02,55
24,2025-05-02,11
25,2025-05-02,72
26,2025-05-02,4
27,2025-05-02,81
28,2025-05-02,23
29,2025-05-02,135
30,2025-05-02,29
31,2025-05-02,27
32,2025-05-02,31
33,2025-05-02,98
34,2025-05-02,35
35,2025-05-02,125
36,2025-05-02,193
37,2025-05-02,41
38,2025-05-02,4
39,2025-05-02,114
40,2025-05-02,158
41,2025-05-02,70
42,2025-05-02,164
43,2025-05-02,176
44,2025-05-02,20
45,2025-05-02,170
46,2025-05-02,36
47,2025-05-02,107
48,2025-05-02,138
49,2025-05-02,57
50,2025-05-02,50
1,2025-05-01,128
2,2025-05-01,22
3,2025-05-01,55
4,2025-05-01,46
5,2025-05-01,143
6,2025-05-01,36
7,2025-05-01,72
8,2025-05-01,194
9,2025-05-01,107
10,2025-05-01,156
11,2025-05-01,166
12,2025-05-01,7
13,2025-05-01,114
14,2025-05-01,101
15,2025-05-01,194
16,2025-05-01,200
17,2025-05-01,63
18,2025-05-01,159
19,2025-05-01,46
20,2025-05-01,56
21,2025-05-01,19
22,2025-05-01,33
23,2025-05-01,108
24,2025-05-01,78
25,2025-05-01,108
26,2025-05-01,23
27,2025-05-01,169
28,2025-05-01,101
29,2025-05-01,48
30,2025-05-01,110
31,2025-05-01,167
32,2025-05-01,117
33,2025-05-01,34
34,2025-05-01,174
35,2025-05-01,34
36,2025-05-01,199
37,2025-05-01,177
38,2025-05-01,37
39,2025-05-01,192
40,2025-05-01,5
41,2025-05-01,106
42,2025-05-01,77
43,2025-05-01,74
44,2025-05-01,80
45,2025-05-01,168
46,2025-05-01,157
47,2025-05-01,31
48,2025-05-01,21
49,2025-05-01,56
50,2025-05-01,162
1,2025-04-30,142
2,2025-04-30,12
3,2025-04-30,192
4,2025-04-30,171
5,2025-04-30,20
6,2025-04-30,107
7,2025-04-30,79
8,2025-04-30,120
9,2025-04-30,65
10,2025-04-30,13
11,2025-04-30,100
12,2025-04-30,87
13,2025-04-30,57
14,2025-04-30,83
15,2025-04-30,107
16,2025-04-30,83
17,2025-04-30,36
18,2025-04-30,113
19,2025-04-30,10
20,2025-04-30,144
21,2025-04-30,97
22,2025-04-30,107
23,2025-04-30,47
24,2025-04-30,137
25,2025-04-30,176
26,2025-04-30,37
27,2025-04-30,58
28,2025-04-30,181
29,2025-04-30,148
30,2025-04-30,167
31,2025-04-30,23
32,2025-04-30,101
33,2025-04-30,156
34,2025-04-30,108
35,2025-04-30,167
36,2025-04-30,3
37,2025-04-30,98
38,2025-04-30,57
39,2025-04-30,119
40,2025-04-30,158
41,2025-04-30,4
42,2025-04-30,146
43,2025-04-30,96
44,2025-04-30,77
45,2025-04-30,13
46,2025-04-30,43
47,2025-04-30,61
48,2025-04-30,80
49,2025-04-30,11
50,2025-04-30,67
1,2025-04-29,8
2,2025-04-29,79
3,2025-04-29,194
4,2025-04-29,66
5,2025-04-29,188
6,2025-04-29,0
7,2025-04-29,181
8,2025-04-29,16
9,2025-04-29,135
10,2025-04-29,189
11,2025-04-29,121
12,2025-04-29,196
13,2025-04-29,36
14,2025-04-29,87
15,2025-04-29,11
16,2025-04-29,68
17,2025-04-29,5
18,2025-04-29,192
19,2025-04-29,174
20,2025-04-29,144
21,2025-04-29,118
22,2025-04-29,184
23,2025-04-29,83
24,2025-04-29,98
25,2025-04-29,138
26,2025-04-29,10
27,2025-04-29,65
28,2025-04-29,117
29,2025-04-29,165
30,2025-04-29,47
31,2025-04-29,134
32,2025-04-29,101
33,2025-04-29,141
34,2025-04-29,9
35,2025-04-29,33
36,2025-04-29,181
37,2025-04-29,152
38,2025-04-29,117
39,2025-04-29,23
40,2025-04-29,1
41,2025-04-29,6
42,2025-04-29,32
43,2025-04-29,17
44,2025-04-29,118
45,2025-04-29,101
46,2025-04-29,200
47,2025-04-29,11
48,2025-04-29,100
49,2025-04-29,169
50,2025-04-29,105
1,2025-04-28,19
2,2025-04-28,130
3,2025-04-28,76
4,2025-04-28,110
5,2025-04-28,126
6,2025-04-28,64
7,2025-04-28,180
8,2025-04-28,3
9,2025-04-28,182
10,2025-04-28,194
11,2025-04-28,45
12,2025-04-28,86
13,2025-04-28,55
14,2025-04-28,143
15,2025-04-28,16
16,2025-04-28,183
17,2025-04-28,2
18,2025-04-28,157
19,2025-04-28,143
20,2025-04-28,91
21,2025-04-28,191
22,2025-04-28,75
23,2025-04-28,6
24,2025-04-28,192
25,2025-04-28,102
26,2025-04-28,189
27,2025-04-28,46
28,2025-04-28,34
29,2025-04-28,197
30,2025-04-28,33
31,2025-04-28,122
32,2025-04-28,101
33,2025-04-28,55
34,2025-04-28,173
35,2025-04-28,174
36,2025-04-28,126
37,2025-04-28,52
38,2025-04-28,127
39,2025-04-28,30
40,2025-04-28,137
41,2025-04-28,14
42,2025-04-28,59
43,2025-04-28,5
44,2025-04-28,179
45,2025-04-28,133
46,2025-04-28,189
47,2025-04-28,154
48,2025-04-28,10
49,2025-04-28,143
50,2025-04-28,103
1,2025-04-27,10
2,2025-04-27,194
3,2025-04-27,78
4,2025-04-27,94
5,2025-04-27,74
6,2025-04-27,55
7,2025-04-27,191
8,2025-04-27,13
9,2025-04-27,177
10,2025-04-27,142
11,2025-04-27,140
12,2025-04-27,164
13,2025-04-27,163
14,2025-04-27,151
15,2025-04-27,185
16,2025-04-27,199
17,2025-04-27,19
18,2025-04-27,193
19,2025-04-27,50
20,2025-04-27,47
21,2025-04-27,103
22,2025-04-27,35
23,2025-04-27,29
24,2025-04-27,113
25,2025-04-27,137
26,2025-04-27,145
27,2025-04-27,129
28,2025-04-27,44
29,2025-04-27,118
30,2025-04-27,98
31,2025-04-27,88
32,2025-04-27,54
33,2025-04-27,105
34,2025-04-27,162
35,2025-04-27,38
36,2025-04-27,111
37,2025-04-27,99
38,2025-04-27,129
39,2025-04-27,168
40,2025-04-27,39
41,2025-04-27,121
42,2025-04-27,104
43,2025-04-27,170
44,2025-04-27,145
45,2025-04-27,147
46,2025-04-27,52
47,2025-04-27,90
48,2025-04-27,101
49,2025-04-27,36
50,2025-04-27,78
1,2025-04-26,81
2,2025-04-26,82
3,2025-04-26,199
4,2025-04-26,6
5,2025-04-26,33
6,2025-04-26,133
7,2025-04-26,134
8,2025-04-26,90
9,2025-04-26,170
10,2025-04-26,110
11,2025-04-26,22
12,2025-04-26,42
13,2025-04-26,48
14,2025-04-26,103
15,2025-04-26,191
16,2025-04-26,4
17,2025-04-26,183
18,2025-04-26,72
19,2025-04-26,62
20,2025-04-26,4
21,2025-04-26,85
22,2025-04-26,53
23,2025-04-26,151
24,2025-04-26,193
25,2025-04-26,24
26,2025-04-26,67
27,2025-04-26,61
28,2025-04-26,67
29,2025-04-26,150
30,2025-04-26,44
31,2025-04-26,194
32,2025-04-26,66
33,2025-04-26,129
34,2025-04-26,162
35,2025-04-26,148
36,2025-04-26,198
37,2025-04-26,12
38,2025-04-26,50
39,2025-04-26,193
40,2025-04-26,85
41,2025-04-26,158
42,2025-04-26,109
43,2025-04-26,22
44,2025-04-26,165
45,2025-04-26,119
46,2025-04-26,130
47,2025-04-26,57
48,2025-04-26,147
49,2025-04-26,58
50,2025-04-26,24
1,2025-04-25,158
2,2025-04-25,127
3,2025-04-25,10
4,2025-04-25,11
5,2025-04-25,116
6,2025-04-25,176
7,2025-04-25,89
8,2025-04-25,103
9,2025-04-25,27
10,2025-04-25,200
11,2025-04-25,67
12,2025-04-25,93
13,2025-04-25,170
14,2025-04-25,69
15,2025-04-25,189
16,2025-04-25,60
17,2025-04-25,46
18,2025-04-25,121
19,2025-04-25,66
20,2025-04-25,165
21,2025-04-25,155
22,2025-04-25,200
23,2025-04-25,65
24,2025-04-25,11
25,2025-04-25,0
26,2025-04-25,158
27,2025-04-25,117
28,2025-04-25,152
29,2025-04-25,113
30,2025-04-25,169
31,2025-04-25,114
32,2025-04-25,80
33,2025-04-25,6
34,2025-04-25,115
35,2025-04-25,58
36,2025-04-25,92
37,2025-04-25,76
38,2025-04-25,56
39,2025-04-25,141
40,2025-04-25,133
41,2025-04-25,78
42,2025-04-25,74
43,2025-04-25,126
44,2025-04-25,73
45,2025-04-25,32
46,2025-04-25,67
47,2025-04-25,17
48,2025-04-25,185
49,2025-04-25,40
50,2025-04-25,152
1,2025-04-24,30
2,2025-04-24,170
3,2025-04-24,107
4,2025-04-24,11
5,2025-04-24,169
6,2025-04-24,62
7,2025-04-24,69
8,2025-04-24,183
9,2025-04-24,1
10,2025-04-24,42
11,2025-04-24,113
12,2025-04-24,72
13,2025-04-24,44
14,2025-04-24,185
15,2025-04-24,108
16,2025-04-24,174
17,2025-04-24,88
18,2025-04-24,71
19,2025-04-24,64
20,2025-04-24,7
21,2025-04-24,91
22,2025-04-24,124
23,2025-04-24,33
24,2025-04-24,92
25,2025-04-24,154
26,2025-04-24,110
27,2025-04-24,126
28,2025-04-24,171
29,2025-04-24,195
30,2025-04-24,75
31,2025-04-24,123
32,2025-04-24,83
33,2025-04-24,178
34,2025-04-24,189
35,2025-04-24,32
36,2025-04-24,121
37,2025-04-24,99
38,2025-04-24,75
39,2025-04-24,160
40,2025-04-24,123
41,2025-04-24,1
42,2025-04-24,126
43,2025-04-24,106
44,2025-04-24,6
45,2025-04-24,156
46,2025-04-24,13
47,2025-04-24,178
48,2025-04-24,109
49,2025-04-24,138
50,2025-04-24,146
1,2025-04-23,90
2,2025-04-23,81
3,2025-04-23,197
4,2025-04-23,99
5,2025-04-23,145
6,2025-04-23,68
7,2025-04-23,55
8,2025-04-23,98
9,2025-04-23,146
10,2025-04-23,164
11,2025-04-23,105
12,2025-04-23,8
13,2025-04-23,55
14,2025-04-23,47
15,2025-04-23,174
16,2025-04-23,0
17,2025-04-23,64
18,2025-04-23,176
19,2025-04-23,153
20,2025-04-23,159
21,2025-04-23,184
22,2025-04-23,91
23,2025-04-23,129
24,2025-04-23,199
25,2025-04-23,45
26,2025-04-23,180
27,2025-04-23,199
28,2025-04-23,136
29,2025-04-23,78
30,2025-04-23,22
31,2025-04-23,53
32,2025-04-23,182
33,2025-04-23,157
34,2025-04-23,35
35,2025-04-23,43
36,2025-04-23,124
37,2025-04-23,67
38,2025-04-23,41
39,2025-04-23,154
40,2025-04-23,192
41,2025-04-23,38
42,2025-04-23,79
43,2025-04-23,20
44,2025-04-23,161
45,2025-04-23,132
46,2025-04-23,147
47,2025-04-23,155
48,2025-04-23,66
49,2025-04-23,153
50,2025-04-23,17
1,2025-04-22,84
2,2025-04-22,88
3,2025-04-22,100
4,2025-04-22,194
5,2025-04-22,126
6,2025-04-22,44
7,2025-04-22,72
8,2025-04-22,59
9,2025-04-22,112
10,2025-04-22,80
11,2025-04-22,58
12,2025-04-22,165
13,2025-04-22,36
14,2025-04-22,115
15,2025-04-22,196
16,2025-04-22,185
17,2025-04-22,114
18,2025-04-22,186
19,2025-04-22,155
20,2025-04-22,45
21,2025-04-22,97
22,2025-04-22,69
23,2025-04-22,166
24,2025-04-22,140
25,2025-04-22,6
26,2025-04-22,153
27,2025-04-22,131
28,2025-04-22,189
29,2025-04-22,50
30,2025-04-22,47
31,2025-04-22,113
32,2025-04-22,95
33,2025-04-22,91
34,2025-04-22,185
35,2025-04-22,116
36,2025-04-22,35
37,2025-04-22,55
38,2025-04-22,119
39,2025-04-22,13
40,2025-04-22,200
41,2025-04-22,68
42,2025-04-22,116
43,2025-04-22,124
44,2025-04-22,48
45,2025-04-22,161
46,2025-04-22,20
47,2025-04-22,135
48,2025-04-22,53
49,2025-04-22,173
50,2025-04-22,189
1,2025-04-21,23
2,2025-04-21,50
3,2025-04-21,9
4,2025-04-21,105
5,2025-04-21,102
6,2025-04-21,147
7,2025-04-21,128
8,2025-04-21,169
9,2025-04-21,145
10,2025-04-21,73
11,2025-04-21,154
12,2025-04-21,138
13,2025-04-21,86
14,2025-04-21,88
15,2025-04-21,194
16,2025-04-21,82
17,2025-04-21,152
18,2025-04-21,69
19,2025-04-21,158
20,2025-04-21,46
21,2025-04-21,121
22,2025-04-21,13
23,2025-04-21,61
24,2025-04-21,96
25,2025-04-21,71
26,2025-04-21,115
27,2025-04-21,116
28,2025-04-21,172
29,2025-04-21,110
30,2025-04-21,100
31,2025-04-21,61
32,2025-04-21,200
33,2025-04-21,161
34,2025-04-21,147
35,2025-04-21,176
36,2025-04-21,27
37,2025-04-21,187
38,2025-04-21,22
39,2025-04-21,66
40,2025-04-21,157
41,2025-04-21,121
42,2025-04-21,184
43,2025-04-21,107
44,2025-04-21,2
45,2025-04-21,15
46,2025-04-21,48
47,2025-04-21,125
48,2025-04-21,105
49,2025-04-21,17
50,2025-04-21,2
1,2025-04-20,42
2,2025-04-20,157
3,2025-04-20,56
4,2025-04-20,22
5,2025-04-20,154
6,2025-04-20,162
7,2025-04-20,161
8,2025-04-20,110
9,2025-04-20,67
10,2025-04-20,52
11,2025-04-20,134
12,2025-04-20,45
13,2025-04-20,129
14,2025-04-20,145
15,2025-04-20,161
16,2025-04-20,185
17,2025-04-20,101
18,2025-04-20,127
19,2025-04-20,166
20,2025-04-20,147
21,2025-04-20,25
22,2025-04-20,47
23,2025-04-20,118
24,2025-04-20,48
25,2025-04-20,178
26,2025-04-20,133
27,2025-04-20,131
28,2025-04-20,156
29,2025-04-20,182
30,2025-04-20,57
31,2025-04-20,191
32,2025-04-20,157
33,2025-04-20,186
34,2025-04-20,5
35,2025-04-20,2
36,2025-04-20,139
37,2025-04-20,3
38,2025-04-20,158
39,2025-04-20,73
40,2025-04-20,98
41,2025-04-20,64
42,2025-04-20,198
43,2025-04-20,25
44,2025-04-20,122
45,2025-04-20,51
46,2025-04-20,107
47,2025-04-20,142
48,2025-04-20,95
49,2025-04-20,128
50,2025-04-20,92
1,2025-04-19,98
2,2025-04-19,175
3,2025-04-19,73
4,2025-04-19,190
5,2025-04-19,19
6,2025-04-19,30
7,2025-04-19,16
8,2025-04-19,111
9,2025-04-19,111
10,2025-04-19,153
11,2025-04-19,107
12,2025-04-19,180
13,2025-04-19,181
14,2025-04-19,102
15,2025-04-19,143
16,2025-04-19,52
17,2025-04-19,70
18,2025-04-19,39
19,2025-04-19,119
20,2025-04-19,103
21,2025-04-19,47
22,2025-04-19,166
23,2025-04-19,68
24,2025-04-19,19
25,2025-04-19,171
26,2025-04-19,39
27,2025-04-19,106
28,2025-04-19,137
29,2025-04-19,117
30,2025-04-19,84
31,2025-04-19,141
32,2025-04-19,173
33,2025-04-19,183
34,2025-04-19,163
35,2025-04-19,73
36,2025-04-19,58
37,2025-04-19,134
38,2025-04-19,81
39,2025-04-19,132
40,2025-04-19,76
41,2025-04-19,17
42,2025-04-19,22
43,2025-04-19,140
44,2025-04-19,72
45,2025-04-19,90
46,2025-04-19,156
47,2025-04-19,153
48,2025-04-19,148
49,2025-04-19,57
50,2025-04-19,11
1,2025-04-18,89
2,2025-04-18,57
3,2025-04-18,45
4,2025-04-18,41
5,2025-04-18,85
6,2025-04-18,167
7,2025-04-18,86
8,2025-04-18,199
9,2025-04-18,63
10,2025-04-18,80
11,2025-04-18,115
12,2025-04-18,181
13,2025-04-18,133
14,2025-04-18,159
15,2025-04-18,196
16,2025-04-18,199
17,2025-04-18,7
18,2025-04-18,176
19,2025-04-18,115
20,2025-04-18,17
21,2025-04-18,29
22,2025-04-18,55
23,2025-04-18,60
24,2025-04-18,148
25,2025-04-18,0
26,2025-04-18,114
27,2025-04-18,178
28,2025-04-18,159
29,2025-04-18,91
30,2025-04-18,76
31,2025-04-18,123
32,2025-04-18,32
33,2025-04-18,29
34,2025-04-18,52
35,2025-04-18,67
36,2025-04-18,84
37,2025-04-18,46
38,2025-04-18,94
39,2025-04-18,108
40,2025-04-18,18
41,2025-04-18,196
42,2025-04-18,38
43,2025-04-18,69
44,2025-04-18,194
45,2025-04-18,106
46,2025-04-18,118
47,2025-04-18,58
48,2025-04-18,152
49,2025-04-18,53
50,2025-04-18,127
1,2025-04-17,92
2,2025-04-17,145
3,2025-04-17,39
4,2025-04-17,132
5,2025-04-17,133
6,2025-04-17,113
7,2025-04-17,27
8,2025-04-17,10
9,2025-04-17,141
10,2025-04-17,3
11,2025-04-17,110
12,2025-04-17,145
13,2025-04-17,60
14,2025-04-17,5
15,2025-04-17,25
16,2025-04-17,33
17,2025-04-17,175
18,2025-04-17,117
19,2025-04-17,115
20,2025-04-17,34
21,2025-04-17,110
22,2025-04-17,52
23,2025-04-17,110
24,2025-04-17,187
25,2025-04-17,67
26,2025-04-17,158
27,2025-04-17,98
28,2025-04-17,80
29,2025-04-17,14
30,2025-04-17,133
31,2025-04-17,88
32,2025-04-17,156
33,2025-04-17,175
34,2025-04-17,47
35,2025-04-17,74
36,2025-04-17,160
37,2025-04-17,168
38,2025-04-17,198
39,2025-04-17,71
40,2025-04-17,133
41,2025-04-17,145
42,2025-04-17,159
43,2025-04-17,174
44,2025-04-17,136
45,2025-04-17,40
46,2025-04-17,182
47,2025-04-17,24
48,2025-04-17,189
49,2025-04-17,71
50,2025-04-17,32
1,2025-04-16,53
2,2025-04-16,83
3,2025-04-16,141
4,2025-04-16,79
5,2025-04-16,106
6,2025-04-16,196
7,2025-04-16,186
8,2025-04-16,146
9,2025-04-16,24
10,2025-04-16,195
11,2025-04-16,40
12,2025-04-16,48
13,2025-04-16,96
14,2025-04-16,1
15,2025-04-16,188
16,2025-04-16,163
17,2025-04-16,65
18,2025-04-16,170
19,2025-04-16,87
20,2025-04-16,120
21,2025-04-16,172
22,2025-04-16,17
23,2025-04-16,163
24,2025-04-16,51
25,2025-04-16,116
26,2025-04-16,177
27,2025-04-16,57
28,2025-04-16,79
29,2025-04-16,128
30,2025-04-16,26
31,2025-04-16,29
32,2025-04-16,110
33,2025-04-16,39
34,2025-04-16,183
35,2025-04-16,127
36,2025-04-16,57
37,2025-04-16,154
38,2025-04-16,93
39,2025-04-16,138
40,2025-04-16,88
41,2025-04-16,196
42,2025-04-16,108
43,2025-04-16,110
44,2025-04-16,177
45,2025-04-16,161
46,2025-04-16,158
47,2025-04-16,47
48,2025-04-16,74
49,2025-04-16,14
50,2025-04-16,53
1,2025-04-15,66
2,2025-04-15,178
3,2025-04-15,4
4,2025-04-15,116
5,2025-04-15,102
6,2025-04-15,136
7,2025-04-15,143
8,2025-04-15,93
9,2025-04-15,77
10,2025-04-15,149
11,2025-04-15,14
12,2025-04-15,23
13,2025-04-15,76
14,2025-04-15,136
15,2025-04-15,48
16,2025-04-15,0
17,2025-04-15,127
18,2025-04-15,79
19,2025-04-15,146
20,2025-04-15,178
21,2025-04-15,57
22,2025-04-15,73
23,2025-04-15,194
24,2025-04-15,150
25,2025-04-15,40
26,2025-04-15,28
27,2025-04-15,140
28,2025-04-15,84
29,2025-04-15,59
30,2025-04-15,186
31,2025-04-15,27
32,2025-04-15,114
33,2025-04-15,116
34,2025-04-15,43
35,2025-04-15,67
36,2025-04-15,26
37,2025-04-15,194
38,2025-04-15,46
39,2025-04-15,187
40,2025-04-15,81
41,2025-04-15,161
42,2025-04-15,196
43,2025-04-15,1
44,2025-04-15,163
45,2025-04-15,21
46,2025-04-15,148
47,2025-04-15,13
48,2025-04-15,64
49,2025-04-15,145
50,2025-04-15,137
1,2025-04-14,110
2,2025-04-14,194
3,2025-04-14,81
4,2025-04-14,110
5,2025-04-14,132
6,2025-04-14,58
7,2025-04-14,62
8,2025-04-14,71
9,2025-04-14,54
10,2025-04-14,178
11,2025-04-14,97
12,2025-04-14,69
13,2025-04-14,135
14,2025-04-14,115
15,2025-04-14,72
16,2025-04-14,32
17,2025-04-14,25
18,2025-04-14,104
19,2025-04-14,34
20,2025-04-14,89
21,2025-04-14,99
22,2025-04-14,9
23,2025-04-14,144
24,2025-04-14,71
25,2025-04-14,92
26,2025-04-14,33
27,2025-04-14,42
28,2025-04-14,187
29,2025-04-14,82
30,2025-04-14,159
31,2025-04-14,155
32,2025-04-14,17
33,2025-04-14,164
34,2025-04-14,102
35,2025-04-14,134
36,2025-04-14,79
37,2025-04-14,114
38,2025-04-14,34
39,2025-04-14,9
40,2025-04-14,71
41,2025-04-14,149
42,2025-04-14,51
43,2025-04-14,79
44,2025-04-14,178
45,2025-04-14,151
46,2025-04-14,118
47,2025-04-14,116
48,2025-04-14,143
49,2025-04-14,11
50,2025-04-14,94
1,2025-04-13,193
2,2025-04-13,1
3,2025-04-13,200
4,2025-04-13,14
5,2025-04-13,6
6,2025-04-13,134
7,2025-04-13,79
8,2025-04-13,186
9,2025-04-13,94
10,2025-04-13,91
11,2025-04-13,71
12,2025-04-13,47
13,2025-04-13,109
14,2025-04-13,198
15,2025-04-13,117
16,2025-04-13,176
17,2025-04-13,120
18,2025-04-13,199
19,2025-04-13,12
20,2025-04-13,173
21,2025-04-13,28
22,2025-04-13,15
23,2025-04-13,189
24,2025-04-13,54
25,2025-04-13,183
26,2025-04-13,16
27,2025-04-13,9
28,2025-04-13,128
29,2025-04-13,119
30,2025-04-13,145
31,2025-04-13,49
32,2025-04-13,7
33,2025-04-13,194
34,2025-04-13,124
35,2025-04-13,156
36,2025-04-13,111
37,2025-04-13,36
38,2025-04-13,176
39,2025-04-13,4
40,2025-04-13,153
41,2025-04-13,151
42,2025-04-13,79
43,2025-04-13,171
44,2025-04-13,121
45,2025-04-13,32
46,2025-04-13,195
47,2025-04-13,98
48,2025-04-13,31
49,2025-04-13,159
50,2025-04-13,3
1,2025-04-12,130
2,2025-04-12,130
3,2025-04-12,152
4,2025-04-12,165
5,2025-04-12,147
6,2025-04-12,156
7,2025-04-12,138
8,2025-04-12,107
9,2025-04-12,89
10,2025-04-12,52
11,2025-04-12,46
12,2025-04-12,79
13,2025-04-12,108
14,2025-04-12,29
15,2025-04-12,25
16,2025-04-12,15
17,2025-04-12,63
18,2025-04-12,9
19,2025-04-12,146
20,2025-04-12,83
21,2025-04-12,78
22,2025-04-12,17
23,2025-04-12,85
24,2025-04-12,104
25,2025-04-12,120
26,2025-04-12,40
27,2025-04-12,120
28,2025-04-12,46
29,2025-04-12,3
30,2025-04-12,134
31,2025-04-12,91
32,2025-04-12,102
33,2025-04-12,137
34,2025-04-12,184
35,2025-04-12,8
36,2025-04-12,116
37,2025-04-12,104
38,2025-04-12,98
39,2025-04-12,13
40,2025-04-12,28
41,2025-04-12,77
42,2025-04-12,174
43,2025-04-12,30
44,2025-04-12,123
45,2025-04-12,144
46,2025-04-12,91
47,2025-04-12,47
48,2025-04-12,6
49,2025-04-12,49
50,2025-04-12,84
1,2025-04-11,179
2,2025-04-11,37
3,2025-04-11,142
4,2025-04-11,43
5,2025-04-11,110
6,2025-04-11,192
7,2025-04-11,113
8,2025-04-11,69
9,2025-04-11,9
10,2025-04-11,5
11,2025-04-11,161
12,2025-04-11,193
13,2025-04-11,35
14,2025-04-11,79
15,2025-04-11,90
16,2025-04-11,21
17,2025-04-11,161
18,2025-04-11,135
19,2025-04-11,128
20,2025-04-11,43
21,2025-04-11,1
22,2025-04-11,124
23,2025-04-11,39
24,2025-04-11,38
25,2025-04-11,64
26,2025-04-11,172
27,2025-04-11,185
28,2025-04-11,61
29,2025-04-11,95
30,2025-04-11,123
31,2025-04-11,1
32,2025-04-11,120
33,2025-04-11,119
34,2025-04-11,15
35,2025-04-11,148
36,2025-04-11,172
37,2025-04-11,116
38,2025-04-11,159
39,2025-04-11,62
40,2025-04-11,195
41,2025-04-11,108
42,2025-04-11,178
43,2025-04-11,71
44,2025-04-11,2
45,2025-04-11,54
46,2025-04-11,178
47,2025-04-11,183
48,2025-04-11,128
49,2025-04-11,89
50,2025-04-11,49
1,2025-04-10,172
2,2025-04-10,56
3,2025-04-10,115
4,2025-04-10,76
5,2025-04-10,99
6,2025-04-10,29
7,2025-04-10,0
8,2025-04-10,64
9,2025-04-10,107
10,2025-04-10,174
11,2025-04-10,119
12,2025-04-10,5
13,2025-04-10,151
14,2025-04-10,19
15,2025-04-10,118
16,2025-04-10,53
17,2025-04-10,86
18,2025-04-10,139
19,2025-04-10,15
20,2025-04-10,78
21,2025-04-10,175
22,2025-04-10,127
23,2025-04-10,197
24,2025-04-10,43
25,2025-04-10,8
26,2025-04-10,179
27,2025-04-10,100
28,2025-04-10,56
29,2025-04-10,170
30,2025-04-10,155
31,2025-04-10,132
32,2025-04-10,131
33,2025-04-10,121
34,2025-04-10,126
35,2025-04-10,49
36,2025-04-10,115
37,2025-04-10,194
38,2025-04-10,95
39,2025-04-10,186
40,2025-04-10,47
41,2025-04-10,35
42,2025-04-10,17
43,2025-04-10,167
44,2025-04-10,79
45,2025-04-10,48
46,2025-04-10,79
47,2025-04-10,73
48,2025-04-10,104
49,2025-04-10,147
50,2025-04-10,124
1,2025-04-09,1
2,2025-04-09,126
3,2025-04-09,76
4,2025-04-09,98
5,2025-04-09,158
6,2025-04-09,152
7,2025-04-09,20
8,2025-04-09,78
9,2025-04-09,60
10,2025-04-09,26
11,2025-04-09,75
12,2025-04-09,38
13,2025-04-09,123
14,2025-04-09,154
15,2025-04-09,181
16,2025-04-09,12
17,2025-04-09,103
18,2025-04-09,173
19,2025-04-09,98
20,2025-04-09,158
21,2025-04-09,84
22,2025-04-09,153
23,2025-04-09,187
24,2025-04-09,99
25,2025-04-09,175
26,2025-04-09,186
27,2025-04-09,56
28,2025-04-09,172
29,2025-04-09,113
30,2025-04-09,143
31,2025-04-09,68
32,2025-04-09,161
33,2025-04-09,141
34,2025-04-09,67
35,2025-04-09,54
36,2025-04-09,154
37,2025-04-09,14
38,2025-04-09,71
39,2025-04-09,165
40,2025-04-09,197
41,2025-04-09,126
42,2025-04-09,145
43,2025-04-09,150
44,2025-04-09,127
45,2025-04-09,78
46,2025-04-09,29
47,2025-04-09,153
48,2025-04-09,84
49,2025-04-09,23
50,2025-04-09,160
1,2025-04-08,24
2,2025-04-08,200
3,2025-04-08,65
4,2025-04-08,103
5,2025-04-08,94
6,2025-04-08,116
7,2025-04-08,168
8,2025-04-08,163
9,2025-04-08,128
10,2025-04-08,181
11,2025-04-08,9
12,2025-04-08,97
13,2025-04-08,129
14,2025-04-08,83
15,2025-04-08,151
16,2025-04-08,126
17,2025-04-08,177
18,2025-04-08,62
19,2025-04-08,63
20,2025-04-08,19
21,2025-04-08,193
22,2025-04-08,163
23,2025-04-08,122
24,2025-04-08,52
25,2025-04-08,11
26,2025-04-08,35
27,2025-04-08,196
28,2025-04-08,113
29,2025-04-08,46
30,2025-04-08,195
31,2025-04-08,44
32,2025-04-08,137
33,2025-04-08,95
34,2025-04-08,54
35,2025-04-08,136
36,2025-04-08,46
37,2025-04-08,65
38,2025-04-08,80
39,2025-04-08,44
40,2025-04-08,26
41,2025-04-08,184
42,2025-04-08,154
43,2025-04-08,125
44,2025-04-08,120
45,2025-04-08,193
46,2025-04-08,117
47,2025-04-08,86
48,2025-04-08,69
49,2025-04-08,55
50,2025-04-08,26
1,2025-04-07,77
2,2025-04-07,1
3,2025-04-07,44
4,2025-04-07,15
5,2025-04-07,152
6,2025-04-07,187
7,2025-04-07,172
8,2025-04-07,116
9,2025-04-07,119
10,2025-04-07,86
11,2025-04-07,112
12,2025-04-07,117
13,2025-04-07,34
14,2025-04-07,160
15,2025-04-07,99
16,2025-04-07,159
17,2025-04-07,108
18,2025-04-07,120
19,2025-04-07,4
20,2025-04-07,120
21,2025-04-07,23
22,2025-04-07,147
23,2025-04-07,170
24,2025-04-07,195
25,2025-04-07,39
26,2025-04-07,98
27,2025-04-07,170
28,2025-04-07,147
29,2025-04-07,68
30,2025-04-07,173
31,2025-04-07,113
32,2025-04-07,143
33,2025-04-07,142
34,2025-04-07,1
35,2025-04-07,161
36,2025-04-07,42
37,2025-04-07,110
38,2025-04-07,86
39,2025-04-07,78
40,2025-04-07,55
41,2025-04-07,9
42,2025-04-07,195
43,2025-04-07,16
44,2025-04-07,173
45,2025-04-07,199
46,2025-04-07,154
47,2025-04-07,182
48,2025-04-07,127
49,2025-04-07,28
50,2025-04-07,103
1,2025-04-06,57
2,2025-04-06,58
3,2025-04-06,20
4,2025-04-06,130
5,2025-04-06,199
6,2025-04-06,51
7,2025-04-06,127
8,2025-04-06,72
9,2025-04-06,10
10,2025-04-06,117
11,2025-04-06,90
12,2025-04-06,73
13,2025-04-06,30
14,2025-04-06,103
15,2025-04-06,4
16,2025-04-06,42
17,2025-04-06,22
18,2025-04-06,22
19,2025-04-06,150
20,2025-04-06,78
21,2025-04-06,196
22,2025-04-06,136
23,2025-04-06,14
24,2025-04-06,12
25,2025-04-06,172
26,2025-04-06,162
27,2025-04-06,85
28,2025-04-06,89
29,2025-04-06,136
30,2025-04-06,142
31,2025-04-06,74
32,2025-04-06,35
33,2025-04-06,96
34,2025-04-06,142
35,2025-04-06,43
36,2025-04-06,174
37,2025-04-06,2
38,2025-04-06,51
39,2025-04-06,105
40,2025-04-06,15
41,2025-04-06,35
42,2025-04-06,184
43,2025-04-06,125
44,2025-04-06,65
45,2025-04-06,141
46,2025-04-06,140
47,2025-04-06,162
48,2025-04-06,56
49,2025-04-06,150
50,2025-04-06,27
1,2025-04-05,87
2,2025-04-05,71
3,2025-04-05,143
4,2025-04-05,188
5,2025-04-05,101
6,2025-04-05,168
7,2025-04-05,140
8,2025-04-05,102
9,2025-04-05,138
10,2025-04-05,53
11,2025-04-05,55
12,2025-04-05,186
13,2025-04-05,194
14,2025-04-05,170
15,2025-04-05,58
16,2025-04-05,159
17,2025-04-05,24
18,2025-04-05,150
19,2025-04-05,108
20,2025-04-05,38
21,2025-04-05,88
22,2025-04-05,96
23,2025-04-05,21
24,2025-04-05,59
25,2025-04-05,28
26,2025-04-05,16
27,2025-04-05,166
28,2025-04-05,151
29,2025-04-05,84
30,2025-04-05,61
31,2025-04-05,50
32,2025-04-05,197
33,2025-04-05,78
34,2025-04-05,186
35,2025-04-05,98
36,2025-04-05,40
37,2025-04-05,94
38,2025-04-05,74
39,2025-04-05,54
40,2025-04-05,70
41,2025-04-05,196
42,2025-04-05,63
43,2025-04-05,73
44,2025-04-05,148
45,2025-04-05,100
46,2025-04-05,38
47,2025-04-05,43
48,2025-04-05,193
49,2025-04-05,167
50,2025-04-05,119
1,2025-04-04,49
2,2025-04-04,46
3,2025-04-04,96
4,2025-04-04,131
5,2025-04-04,171
6,2025-04-04,107
7,2025-04-04,33
8,2025-04-04,196
9,2025-04-04,134
10,2025-04-04,150
11,2025-04-04,67
12,2025-04-04,3
13,2025-04-04,168
14,2025-04-04,63
15,2025-04-04,53
16,2025-04-04,67
17,2025-04-04,138
18,2025-04-04,187
19,2025-04-04,82
20,2025-04-04,96
21,2025-04-04,83
22,2025-04-04,150
23,2025-04-04,66
24,2025-04-04,45
25,2025-04-04,53
26,2025-04-04,68
27,2025-04-04,190
28,2025-04-04,153
29,2025-04-04,143
30,2025-04-04,195
31,2025-04-04,75
32,2025-04-04,38
33,2025-04-04,178
34,2025-04-04,86
35,2025-04-04,34
36,2025-04-04,188
37,2025-04-04,24
38,2025-04-04,42
39,2025-04-04,191
40,2025-04-04,174
41,2025-04-04,85
42,2025-04-04,182
43,2025-04-04,72
44,2025-04-04,1
45,2025-04-04,172
46,2025-04-04,69
47,2025-04-04,89
48,2025-04-04,76
49,2025-04-04,102
50,2025-04-04,71
1,2025-04-03,57
2,2025-04-03,13
3,2025-04-03,169
4,2025-04-03,190
5,2025-04-03,186
6,2025-04-03,128
7,2025-04-03,12
8,2025-04-03,6
9,2025-04-03,9
10,2025-04-03,179
11,2025-04-03,149
12,2025-04-03,169
13,2025-04-03,143
14,2025-04-03,148
15,2025-04-03,53
16,2025-04-03,86
17,2025-04-03,37
18,2025-04-03,115
19,2025-04-03,32
20,2025-04-03,141
21,2025-04-03,116
22,2025-04-03,106
23,2025-04-03,145
24,2025-04-03,77
25,2025-04-03,60
26,2025-04-03,100
27,2025-04-03,169
28,2025-04-03,200
29,2025-04-03,122
30,2025-04-03,148
31,2025-04-03,97
32,2025-04-03,7
33,2025-04-03,132
34,2025-04-03,109
35,2025-04-03,116
36,2025-04-03,37
37,2025-04-03,166
38,2025-04-03,187
39,2025-04-03,98
40,2025-04-03,149
41,2025-04-03,91
42,2025-04-03,150
43,2025-04-03,56
44,2025-04-03,73
45,2025-04-03,165
46,2025-04-03,168
47,2025-04-03,25
48,2025-04-03,11
49,2025-04-03,131
50,2025-04-03,32
1,2025-04-02,122
2,2025-04-02,99
3,2025-04-02,47
4,2025-04-02,28
5,2025-04-02,11
6,2025-04-02,73
7,2025-04-02,3
8,2025-04-02,142
9,2025-04-02,193
10,2025-04-02,195
11,2025-04-02,161
12,2025-04-02,172
13,2025-04-02,200
14,2025-04-02,152
15,2025-04-02,44
16,2025-04-02,119
17,2025-04-02,90
18,2025-04-02,16
19,2025-04-02,184
20,2025-04-02,162
21,2025-04-02,105
22,2025-04-02,153
23,2025-04-02,66
24,2025-04-02,134
25,2025-04-02,38
26,2025-04-02,130
27,2025-04-02,193
28,2025-04-02,85
29,2025-04-02,44
30,2025-04-02,78
31,2025-04-02,104
32,2025-04-02,22
33,2025-04-02,193
34,2025-04-02,179
35,2025-04-02,186
36,2025-04-02,13
37,2025-04-02,193
38,2025-04-02,140
39,2025-04-02,36
40,2025-04-02,68
41,2025-04-02,192
42,2025-04-02,79
43,2025-04-02,74
44,2025-04-02,142
45,2025-04-02,79
46,2025-04-02,99
47,2025-04-02,146
48,2025-04-02,92
49,2025-04-02,57
50,2025-04-02,130
1,2025-04-01,58
2,2025-04-01,47
3,2025-04-01,25
4,2025-04-01,171
5,2025-04-01,71
6,2025-04-01,68
7,2025-04-01,14
8,2025-04-01,105
9,2025-04-01,116
10,2025-04-01,124
11,2025-04-01,99
12,2025-04-01,139
13,2025-04-01,47
14,2025-04-01,164
15,2025-04-01,142
16,2025-04-01,10
17,2025-04-01,0
18,2025-04-01,105
19,2025-04-01,4
20,2025-04-01,135
21,2025-04-01,82
22,2025-04-01,47
23,2025-04-01,65
24,2025-04-01,198
25,2025-04-01,14
26,2025-04-01,130
27,2025-04-01,130
28,2025-04-01,24
29,2025-04-01,126
30,2025-04-01,164
31,2025-04-01,179
32,2025-04-01,57
33,2025-04-01,67
34,2025-04-01,183
35,2025-04-01,76
36,2025-04-01,20
37,2025-04-01,150
38,2025-04-01,133
39,2025-04-01,122
40,2025-04-01,28
41,2025-04-01,24
42,2025-04-01,141
43,2025-04-01,105
44,2025-04-01,121
45,2025-04-01,113
46,2025-04-01,25
47,2025-04-01,75
48,2025-04-01,55
49,2025-04-01,96
50,2025-04-01,132
1,2025-03-31,25
2,2025-03-31,62
3,2025-03-31,108
4,2025-03-31,50
5,2025-03-31,27
6,2025-03-31,159
7,2025-03-31,195
8,2025-03-31,136
9,2025-03-31,71
10,2025-03-31,15
11,2025-03-31,139
12,2025-03-31,22
13,2025-03-31,169
14,2025-03-31,152
15,2025-03-31,183
16,2025-03-31,119
17,2025-03-31,43
18,2025-03-31,29
19,2025-03-31,86
20,2025-03-31,77
21,2025-03-31,82
22,2025-03-31,123
23,2025-03-31,39
24,2025-03-31,163
25,2025-03-31,102
26,2025-03-31,67
27,2025-03-31,110
28,2025-03-31,23
29,2025-03-31,81
30,2025-03-31,186
31,2025-03-31,183
32,2025-03-31,99
33,2025-03-31,44
34,2025-03-31,127
35,2025-03-31,64
36,2025-03-31,177
37,2025-03-31,93
38,2025-03-31,164
39,2025-03-31,152
40,2025-03-31,136
41,2025-03-31,59
42,2025-03-31,182
43,2025-03-31,118
44,2025-03-31,193
45,2025-03-31,60
46,2025-03-31,117
47,2025-03-31,1
48,2025-03-31,65
49,2025-03-31,105
50,2025-03-31,15
1,2025-03-30,71
2,2025-03-30,63
3,2025-03-30,191
4,2025-03-30,195
5,2025-03-30,118
6,2025-03-30,127
7,2025-03-30,113
8,2025-03-30,172
9,2025-03-30,3
10,2025-03-30,100
11,2025-03-30,55
12,2025-03-30,177
13,2025-03-30,131
14,2025-03-30,114
15,2025-03-30,48
16,2025-03-30,64
17,2025-03-30,185
18,2025-03-30,115
19,2025-03-30,125
20,2025-03-30,141
21,2025-03-30,117
22,2025-03-30,57
23,2025-03-30,116
24,2025-03-30,53
25,2025-03-30,191
26,2025-03-30,44
27,2025-03-30,129
28,2025-03-30,170
29,2025-03-30,190
30,2025-03-30,138
31,2025-03-30,134
32,2025-03-30,21
33,2025-03-30,104
34,2025-03-30,98
35,2025-03-30,116
36,2025-03-30,173
37,2025-03-30,1
38,2025-03-30,200
39,2025-03-30,131
40,2025-03-30,83
41,2025-03-30,53
42,2025-03-30,196
43,2025-03-30,34
44,2025-03-30,165
45,2025-03-30,134
46,2025-03-30,176
47,2025-03-30,26
48,2025-03-30,55
49,2025-03-30,151
50,2025-03-30,180
1,2025-03-29,165
2,2025-03-29,35
3,2025-03-29,64
4,2025-03-29,116
5,2025-03-29,28
6,2025-03-29,175
7,2025-03-29,143
8,2025-03-29,178
9,2025-03-29,117
10,2025-03-29,62
11,2025-03-29,22
12,2025-03-29,155
13,2025-03-29,143
14,2025-03-29,13
15,2025-03-29,185
16,2025-03-29,157
17,2025-03-29,3
18,2025-03-29,138
19,2025-03-29,117
20,2025-03-29,63
21,2025-03-29,94
22,2025-03-29,29
23,2025-03-29,83
24,2025-03-29,71
25,2025-03-29,38
26,2025-03-29,126
27,2025-03-29,196
28,2025-03-29,101
29,2025-03-29,135
30,2025-03-29,111
31,2025-03-29,126
32,2025-03-29,200
33,2025-03-29,97
34,2025-03-29,25
35,2025-03-29,166
36,2025-03-29,128
37,2025-03-29,79
38,2025-03-29,196
39,2025-03-29,26
40,2025-03-29,194
41,2025-03-29,142
42,2025-03-29,160
43,2025-03-29,176
44,2025-03-29,48
45,2025-03-29,178
46,2025-03-29,179
47,2025-03-29,140
48,2025-03-29,118
49,2025-03-29,27
50,2025-03-29,42
1,2025-03-28,133
2,2025-03-28,92
3,2025-03-28,48
4,2025-03-28,127
5,2025-03-28,111
6,2025-03-28,58
7,2025-03-28,85
8,2025-03-28,56
9,2025-03-28,20
10,2025-03-28,194
11,2025-03-28,187
12,2025-03-28,55
13,2025-03-28,126
14,2025-03-28,147
15,2025-03-28,175
16,2025-03-28,23
17,2025-03-28,7
18,2025-03-28,114
19,2025-03-28,169
20,2025-03-28,35
21,2025-03-28,39
22,2025-03-28,152
23,2025-03-28,198
24,2025-03-28,132
25,2025-03-28,177
26,2025-03-28,106
27,2025-03-28,89
28,2025-03-28,61
29,2025-03-28,178
30,2025-03-28,121
31,2025-03-28,103
32,2025-03-28,57
33,2025-03-28,39
34,2025-03-28,89
35,2025-03-28,126
36,2025-03-28,31
37,2025-03-28,77
38,2025-03-28,82
39,2025-03-28,27
40,2025-03-28,64
41,2025-03-28,14
42,2025-03-28,165
43,2025-03-28,175
44,2025-03-28,49
45,2025-03-28,27
46,2025-03-28,81
47,2025-03-28,126
48,2025-03-28,97
49,2025-03-28,46
50,2025-03-28,101
1,2025-03-27,61
2,2025-03-27,158
3,2025-03-27,91
4,2025-03-27,38
5,2025-03-27,61
6,2025-03-27,185
7,2025-03-27,177
8,2025-03-27,18
9,2025-03-27,192
10,2025-03-27,19
11,2025-03-27,84
12,2025-03-27,86
13,2025-03-27,181
14,2025-03-27,122
15,2025-03-27,94
16,2025-03-27,149
17,2025-03-27,157
18,2025-03-27,11
19,2025-03-27,80
20,2025-03-27,191
21,2025-03-27,65
22,2025-03-27,127
23,2025-03-27,96
24,2025-03-27,106
25,2025-03-27,10
26,2025-03-27,132
27,2025-03-27,60
28,2025-03-27,158
29,2025-03-27,163
30,2025-03-27,145
31,2025-03-27,9
32,2025-03-27,157
33,2025-03-27,113
34,2025-03-27,164
35,2025-03-27,119
36,2025-03-27,43
37,2025-03-27,164
38,2025-03-27,68
39,2025-03-27,119
40,2025-03-27,115
41,2025-03-27,7
42,2025-03-27,160
43,2025-03-27,57
44,2025-03-27,6
45,2025-03-27,34
46,2025-03-27,75
47,2025-03-27,118
48,2025-03-27,2
49,2025-03-27,86
50,2025-03-27,174
1,2025-03-26,57
2,2025-03-26,41
3,2025-03-26,102
4,2025-03-26,93
5,2025-03-26,166
6,2025-03-26,4
7,2025-03-26,174
8,2025-03-26,3
9,2025-03-26,150
10,2025-03-26,63
11,2025-03-26,151
12,2025-03-26,190
13,2025-03-26,126
14,2025-03-26,125
15,2025-03-26,105
16,2025-03-26,28
17,2025-03-26,44
18,2025-03-26,28
19,2025-03-26,92
20,2025-03-26,40
21,2025-03-26,26
22,2025-03-26,191
23,2025-03-26,93
24,2025-03-26,167
25,2025-03-26,122
26,2025-03-26,95
27,2025-03-26,35
28,2025-03-26,190
29,2025-03-26,64
30,2025-03-26,111
31,2025-03-26,60
32,2025-03-26,147
33,2025-03-26,35
34,2025-03-26,68
35,2025-03-26,119
36,2025-03-26,55
37,2025-03-26,183
38,2025-03-26,27
39,2025-03-26,132
40,2025-03-26,73
41,2025-03-26,3
42,2025-03-26,86
43,2025-03-26,165
44,2025-03-26,146
45,2025-03-26,176
46,2025-03-26,69
47,2025-03-26,23
48,2025-03-26,95
49,2025-03-26,42
50,2025-03-26,165
1,2025-03-25,26
2,2025-03-25,30
3,2025-03-25,184
4,2025-03-25,68
5,2025-03-25,47
6,2025-03-25,67
7,2025-03-25,144
8,2025-03-25,83
9,2025-03-25,97
10,2025-03-25,57
11,2025-03-25,195
12,2025-03-25,118
13,2025-03-25,132
14,2025-03-25,80
15,2025-03-25,41
16,2025-03-25,77
17,2025-03-25,30
18,2025-03-25,75
19,2025-03-25,0
20,2025-03-25,135
21,2025-03-25,23
22,2025-03-25,59
23,2025-03-25,70
24,2025-03-25,46
25,2025-03-25,102
26,2025-03-25,114
27,2025-03-25,78
28,2025-03-25,1
29,2025-03-25,34
30,2025-03-25,25
31,2025-03-25,173
32,2025-03-25,16
33,2025-03-25,120
34,2025-03-25,3
35,2025-03-25,188
36,2025-03-25,34
37,2025-03-25,5
38,2025-03-25,49
39,2025-03-25,5
40,2025-03-25,96
41,2025-03-25,156
42,2025-03-25,174
43,2025-03-25,70
44,2025-03-25,39
45,2025-03-25,159
46,2025-03-25,161
47,2025-03-25,73
48,2025-03-25,78
49,2025-03-25,148
50,2025-03-25,36
1,2025-03-24,129
2,2025-03-24,24
3,2025-03-24,90
4,2025-03-24,20
5,2025-03-24,34
6,2025-03-24,113
7,2025-03-24,36
8,2025-03-24,192
9,2025-03-24,71
10,2025-03-24,179
11,2025-03-24,142
12,2025-03-24,81
13,2025-03-24,108
14,2025-03-24,165
15,2025-03-24,2
16,2025-03-24,64
17,2025-03-24,138
18,2025-03-24,170
19,2025-03-24,30
20,2025-03-24,50
21,2025-03-24,193
22,2025-03-24,49
23,2025-03-24,173
24,2025-03-24,102
25,2025-03-24,108
26,2025-03-24,13
27,2025-03-24,83
28,2025-03-24,70
29,2025-03-24,199
30,2025-03-24,106
31,2025-03-24,96
32,2025-03-24,29
33,2025-03-24,66
34,2025-03-24,114
35,2025-03-24,183
36,2025-03-24,24
37,2025-03-24,67
38,2025-03-24,91
39,2025-03-24,149
40,2025-03-24,145
41,2025-03-24,115
42,2025-03-24,64
43,2025-03-24,25
44,2025-03-24,162
45,2025-03-24,88
46,2025-03-24,188
47,2025-03-24,159
48,2025-03-24,66
49,2025-03-24,16
50,2025-03-24,104
1,2025-03-23,71
2,2025-03-23,95
3,2025-03-23,110
4,2025-03-23,130
5,2025-03-23,93
6,2025-03-23,39
7,2025-03-23,200
8,2025-03-23,190
9,2025-03-23,106
10,2025-03-23,143
11,2025-03-23,71
12,2025-03-23,12
13,2025-03-23,13
14,2025-03-23,34
15,2025-03-23,198
16,2025-03-23,164
17,2025-03-23,148
18,2025-03-23,48
19,2025-03-23,70
20,2025-03-23,122
21,2025-03-23,76
22,2025-03-23,14
23,2025-03-23,45
24,2025-03-23,59
25,2025-03-23,91
26,2025-03-23,90
27,2025-03-23,31
28,2025-03-23,81
29,2025-03-23,139
30,2025-03-23,186
31,2025-03-23,131
32,2025-03-23,65
33,2025-03-23,155
34,2025-03-23,188
35,2025-03-23,86
36,2025-03-23,43
37,2025-03-23,37
38,2025-03-23,94
39,2025-03-23,53
40,2025-03-23,164
41,2025-03-23,122
42,2025-03-23,163
43,2025-03-23,50
44,2025-03-23,154
45,2025-03-23,123
46,2025-03-23,21
47,2025-03-23,192
48,2025-03-23,20
49,2025-03-23,36
50,2025-03-23,6
1,2025-03-22,130
2,2025-03-22,84
3,2025-03-22,40
4,2025-03-22,153
5,2025-03-22,177
6,2025-03-22,197
7,2025-03-22,171
8,2025-03-22,47
9,2025-03-22,87
10,2025-03-22,112
11,2025-03-22,76
12,2025-03-22,115
13,2025-03-22,26
14,2025-03-22,88
15,2025-03-22,165
16,2025-03-22,81
17,2025-03-22,114
18,2025-03-22,23
19,2025-03-22,199
20,2025-03-22,86
21,2025-03-22,174
22,2025-03-22,119
23,2025-03-22,74
24,2025-03-22,48
25,2025-03-22,94
26,2025-03-22,75
27,2025-03-22,114
28,2025-03-22,151
29,2025-03-22,116
30,2025-03-22,194
31,2025-03-22,77
32,2025-03-22,74
33,2025-03-22,169
34,2025-03-22,15
35,2025-03-22,113
36,2025-03-22,177
37,2025-03-22,185
38,2025-03-22,146
39,2025-03-22,105
40,2025-03-22,29
41,2025-03-22,39
42,2025-03-22,110
43,2025-03-22,185
44,2025-03-22,126
45,2025-03-22,105
46,2025-03-22,167
47,2025-03-22,193
48,2025-03-22,109
49,2025-03-22,137
50,2025-03-22,31
1,2025-03-21,5
2,2025-03-21,137
3,2025-03-21,3
4,2025-03-21,27
5,2025-03-21,94
6,2025-03-21,42
7,2025-03-21,37
8,2025-03-21,65
9,2025-03-21,195
10,2025-03-21,143
11,2025-03-21,194
12,2025-03-21,150
13,2025-03-21,62
14,2025-03-21,108
15,2025-03-21,116
16,2025-03-21,171
17,2025-03-21,173
18,2025-03-21,120
19,2025-03-21,198
20,2025-03-21,60
21,2025-03-21,79
22,2025-03-21,200
23,2025-03-21,114
24,2025-03-21,120
25,2025-03-21,138
26,2025-03-21,199
27,2025-03-21,71
28,2025-03-21,186
29,2025-03-21,93
30,2025-03-21,167
31,2025-03-21,185
32,2025-03-21,70
33,2025-03-21,22
34,2025-03-21,144
35,2025-03-21,175
36,2025-03-21,39
37,2025-03-21,99
38,2025-03-21,87
39,2025-03-21,97
40,2025-03-21,198
41,2025-03-21,162
42,2025-03-21,115
43,2025-03-21,14
44,2025-03-21,22
45,2025-03-21,2
46,2025-03-21,49
47,2025-03-21,90
48,2025-03-21,133
49,2025-03-21,146
50,2025-03-21,191
